timestamp,cpu_percent,cpu_percent_roll_mean,cpu_percent_roll_std,cpu_freq_mhz,cpu_freq_mhz_roll_mean,cpu_freq_mhz_roll_std,mem_percent,mem_percent_roll_mean,mem_percent_roll_std,mem_available_mb,mem_available_mb_roll_mean,mem_available_mb_roll_std,disk_read_bytes_sec,disk_read_bytes_sec_roll_mean,disk_read_bytes_sec_roll_std,disk_write_bytes_sec,disk_write_bytes_sec_roll_mean,disk_write_bytes_sec_roll_std,net_sent_bytes_sec,net_sent_bytes_sec_roll_mean,net_sent_bytes_sec_roll_std,net_recv_bytes_sec,net_recv_bytes_sec_roll_mean,net_recv_bytes_sec_roll_std,open_sockets,open_sockets_roll_mean,open_sockets_roll_std,num_processes,num_processes_roll_mean,num_processes_roll_std,cpu_core_max,cpu_core_max_roll_mean,cpu_core_max_roll_std,label
2026-05-16T16:08:34,5.1,7.5200000000000005,2.0400000000000005,1700.0,1700.0,0.0,89.1,89.1,0.0,1703.2890625,1705.09453125,2.480435408240482,0.0,30828.6262870507,61657.2525741014,95694.34769546415,140573.06057573558,79969.40112337704,113021.93905128347,96929.33251958631,88931.7947657406,3643.1255881085685,3640.830592602393,2065.9747147937564,231.0,231.2,0.4,354.0,354.0,0.0,14.7,18.16,4.419321214847366,0
2026-05-16T16:08:35,4.7,6.480000000000001,1.8808508712813996,1700.0,1700.0,0.0,89.2,89.11999999999999,0.040000000000003415,1702.984375,1703.7046875,0.6543247428766736,4055.708964958033,811.1417929916066,1622.2835859832132,1960428.320936589,517548.64148420293,725130.0306814625,163801.7281162213,104799.87233912002,92681.36513179154,7770.801747312168,4303.494444082101,2665.9100557932884,229.0,230.6,0.8,354.0,354.0,0.0,16.4,17.259999999999998,4.2235530066521,0
2026-05-16T16:08:36,7.8,7.0200000000000005,1.792651667223725,1700.0,1700.0,0.0,89.1,89.11999999999998,0.04000000000000341,1703.421875,1703.40859375,0.263798869880066,0.0,811.1417929916066,1622.2835859832135,0.0,499123.008451273,736782.7769223927,56309.49616659279,67795.52686906586,62949.30662375809,2856.3505103664147,3475.9951428785776,2322.405445310347,230.0,230.4,0.8,354.0,354.0,0.0,13.6,17.3,4.187600745056768,0
2026-05-16T16:08:37,4.9,6.340000000000001,1.8227451824103114,1700.0,1700.0,0.0,89.2,89.14,0.04898979485566774,1700.76171875,1702.8421875,1.0691616760121572,0.0,811.1417929916066,1622.2835859832135,288341.2100910723,498111.2244475656,737068.0086884509,4263.2686456379415,67894.01494639777,62849.364874131345,4208.9280255892545,3886.06544968505,2232.874635402638,230.0,230.2,0.7483314773547883,354.0,354.0,0.0,12.3,16.479999999999997,4.658497611891627,0
2026-05-16T16:08:38,8.1,6.12,1.5025311976794355,1700.0,1700.0,0.0,89.1,89.13999999999999,0.04898979485566774,1704.54296875,1703.0,1.237128554575827,0.0,811.1417929916066,1622.2835859832135,135159.91956327076,495924.75965727924,738124.4652223089,840.3991955522891,67647.36623505756,63109.072464996316,597.1777813100972,3815.2767305373004,2328.367490711716,230.0,230.0,0.6324555320336759,354.0,354.0,0.0,16.7,14.74,1.6644518617250539,0
2026-05-16T16:08:39,3.7,5.84,1.772681584492827,1700.0,1700.0,0.0,89.1,89.14000000000001,0.04898979485566774,1708.47265625,1704.03671875,2.535543956293575,0.0,811.1417929916066,1622.2835859832135,301553.0914664067,537096.5084114678,720174.8439174178,1651.0982030132825,45373.198065403514,62816.777750236564,5275.001393200109,4141.65189155561,2394.7873477749026,230.0,229.8,0.4,354.0,354.0,0.0,9.2,13.64,2.7745990701360794,0
2026-05-16T16:08:40,5.9,6.08,1.6809521111560553,1700.0,1700.0,0.0,89.2,89.14,0.04898979485566774,1703.03515625,1704.046875,2.5314067274010412,0.0,0.0,0.0,150126.72688085464,175036.1896003209,111079.08897811692,1832.6016464948075,12979.37277145822,21695.184052027154,5742.482024178594,3735.9879469288935,1857.1022838518672,228.0,229.6,0.8,354.0,354.0,0.0,15.4,13.440000000000001,2.598922853799243,0
2026-05-16T16:08:41,3.8,5.28,1.6228370220080632,1700.0,1700.0,0.0,89.1,89.13999999999999,0.04898979485566774,1708.2109375,1705.0046875,2.9799955595866665,0.0,0.0,0.0,2159602.67339031,606956.7242783828,779330.8077537918,9588.64315211627,3635.202168562918,3188.5698327148866,8457.715577782466,4856.260960412104,2549.118912091361,228.0,229.2,0.9797958971132712,354.0,354.0,0.0,7.7,12.260000000000002,3.456356463098099,0
2026-05-16T16:08:42,5.9,5.480000000000001,1.6252999723128034,1700.0,1700.0,0.0,89.2,89.14,0.04898979485566774,1695.12890625,1703.878125,4.849421075306309,0.0,0.0,0.0,147541.13945201033,578796.7101505704,792762.8196747132,160894.82465329874,34961.513370095076,63046.55488915521,7683.444084300823,5551.164172154418,2744.0666267040647,228.0,228.8,0.9797958971132712,355.0,354.2,0.4,19.1,13.62,4.410623538684752,0
2026-05-16T16:08:43,3.2,4.500000000000001,1.1610340218959996,1700.0,1700.0,0.0,89.2,89.16,0.04898979485566774,1694.8359375,1701.93671875,6.0009710924761475,0.0,0.0,0.0,347631.6829427499,621291.0628264663,773299.3287321132,287234.2015395308,92240.27383889079,114845.38926440984,7833.86698960193,6998.502013812785,1252.5434213300305,229.0,228.6,0.8,355.0,354.4,0.48989794855663565,9.0,12.080000000000002,4.410623538684752,0
2026-05-16T16:08:44,5.4,4.840000000000001,1.1253443917308161,1700.0,1700.0,0.0,89.2,89.17999999999999,0.040000000000003415,1699.42578125,1700.12734375,5.045302943046074,0.0,0.0,0.0,0.0,560980.4445331849,806912.9593843055,14550.232510213276,94820.10070033077,112910.03801483536,33853.98257897147,12714.298250967056,10608.855489491923,233.0,229.2,1.9390719429665317,355.0,354.6,0.48989794855663565,13.4,12.920000000000002,4.175835245792152,0
2026-05-16T16:08:45,4.3,4.52,0.998799279134702,1700.0,1700.0,0.0,89.2,89.17999999999999,0.040000000000003415,1696.98828125,1698.91796875,4.926678583511855,0.0,0.0,0.0,176819.42535940907,566318.9842288957,804261.031186414,5106.040891691388,95474.7885493701,112377.20221532517,22879.219274572984,16141.645701045933,10570.949996881438,231.0,229.8,1.9390719429665317,355.0,354.8,0.4,12.3,12.3,3.987480407475377,0
2026-05-16T16:08:46,7.7,5.3,1.5192103211866355,1700.0,1700.0,0.0,89.2,89.2,0.0,1696.4296875,1696.56171875,1.6391164939867378,0.0,0.0,0.0,12656.931113326147,136929.83577349907,126722.2019073675,1300.301907345616,93817.12030041598,113685.39266914909,4688.008625646818,15387.704310618807,11207.370799590812,231.0,230.4,1.7435595774162693,355.0,355.0,0.0,15.4,13.84,3.3493880038000974,0
2026-05-16T16:08:47,8.1,5.74,1.9001052602421793,1700.0,1700.0,0.0,89.2,89.2,0.0,1696.15625,1696.7671875,1.5055816560541893,0.0,0.0,0.0,288100.8796923511,165041.78382156725,140770.2091493293,1076.8515357668962,61853.5256769096,112796.12108109078,946.0839159681561,14040.232276952269,12394.774469738457,233.0,231.4,1.4966629547095764,355.0,355.0,0.0,19.4,13.9,3.4444157704899676,0
2026-05-16T16:08:48,4.8,6.0600000000000005,1.547384890710776,1700.0,1700.0,0.0,89.2,89.2,0.0,1696.9140625,1697.1828125,1.1629278236618448,0.0,0.0,0.0,0.0,95515.44723301726,117312.76202402632,1937.3708048652863,4794.159529976493,5088.514353137747,1012.6940807463262,12675.997695181151,13341.99589402933,233.0,232.2,0.9797958971132712,355.0,355.0,0.0,14.1,14.919999999999998,2.455524383914767,0
2026-05-16T16:08:49,4.1,5.8,1.734358671094304,1700.0,1700.0,0.0,89.2,89.2,0.0,1697.0234375,1696.70234375,0.3470579472508878,0.0,0.0,0.0,217058.4921865108,138927.1456703194,114050.9131738247,1321.2376350040288,2148.360554934643,1506.2441383557134,1325.1904775919243,6170.2392749052415,8470.57955300991,233.0,232.2,0.9797958971132712,355.0,355.0,0.0,10.6,14.36,2.9977324763894457,0
2026-05-16T16:08:50,3.8,5.700000000000001,1.8297540818372289,1700.0,1700.0,0.0,89.2,89.2,0.0,1696.98828125,1696.70234375,0.3470579472508878,0.0,0.0,0.0,15188.76490242567,106601.01357892275,121398.94720629863,2233.8164006887755,1573.9156567341204,436.65822869785524,1143.1127752085986,1823.0179750323646,1438.3263109365103,233.0,232.6,0.8,355.0,355.0,0.0,10.8,14.059999999999999,3.253060097815593,0
2026-05-16T16:08:51,3.4,4.84,1.6930445948054647,1700.0,1700.0,0.0,89.2,89.2,0.0,1696.55078125,1696.7265625,0.331041724027161,0.0,0.0,0.0,64878.84863002754,117045.39708226302,114942.02416686786,7172.351964180749,2748.325668101147,2250.545812647876,10222.457747706061,2929.907799444213,3648.5697069781527,235.0,233.4,0.8,355.0,355.0,0.0,10.9,13.160000000000002,3.3779283592166363,0
2026-05-16T16:08:52,7.3,4.68,1.3876599006961323,1700.0,1700.0,0.0,89.2,89.2,0.0,1696.0625,1696.7078125,0.36384281193514734,0.0,0.0,0.0,93229.89718009488,78071.20057981178,77162.95035500625,927.2717142678849,2718.409703801345,2273.443167411217,4032.6918203219116,3547.2293803149646,3519.529805482618,234.0,233.6,0.8,355.0,355.0,0.0,12.3,11.74,1.324537655183876,0
2026-05-16T16:08:53,5.2,4.76,1.403709371629327,1700.0,1700.0,0.0,89.2,89.2,0.0,1694.98046875,1696.32109375,0.7556888736961297,0.0,0.0,0.0,267349.0429693658,131541.00917368493,95085.7419824763,788.698700647886,2488.675282957865,2395.5205050544887,521.1752720361659,3448.925618572932,3595.003933016232,231.0,233.2,1.32664991614216,355.0,355.0,0.0,16.4,12.2,2.184490787346103,0
2026-05-16T16:08:54,6.8,5.3,1.556920036482285,1700.0,1700.0,0.0,89.2,89.2,0.0,1695.91015625,1696.0984375,0.6757266054496449,0.0,0.0,0.0,63898.68761615761,100909.0482596143,86921.97680613055,1144.0194722944884,2453.231650415957,2413.772971202326,3319.1422092284247,3847.7159649002324,3444.7551574733184,229.0,232.4,2.1540659228538015,355.0,355.0,0.0,21.4,14.36,4.064775516556848,0
2026-05-16T16:08:55,4.2,5.38,1.4864723340849635,1700.0,1700.0,0.0,89.2,89.2,0.0,1695.25390625,1695.7515625,0.5661858407360608,0.0,0.0,0.0,227848.9575001522,143441.08677915958,86600.29137993285,695.216220150204,2145.5116143082423,2517.9561902727182,729.828691992675,3765.059148257048,3512.9438470000046,229.0,231.6,2.4979991993593593,355.0,355.0,0.0,16.9,15.580000000000002,3.713435067427461,0
2026-05-16T16:08:56,5.2,5.74,1.1412274094149681,1700.0,1700.0,0.0,89.2,89.2,0.0,1698.41015625,1696.1234375,1.2116721561802515,1750758.4926476283,350151.69852952566,700303.3970590513,0.0,130465.31705315408,101053.96523533374,449.19860594687185,800.8809426614671,231.8243232393336,241.41951509038927,1768.8515017339134,1580.992543495736,229.0,230.4,1.9595917942265422,355.0,355.0,0.0,17.4,16.880000000000003,2.8950993074504363,0
2026-05-16T16:08:57,5.6,5.4,0.839047078536121,1700.0,1700.0,0.0,89.2,89.2,0.0,1695.59765625,1696.03046875,1.230468501984102,202784.5246077958,390708.6034510848,684545.2211424342,285419.2183854726,168903.18129422964,115148.95349661353,241.59875002100674,663.7463498120914,307.08469362848757,225.75620903602268,1007.4643794767355,1170.9231791652292,229.0,229.4,0.8,356.0,355.2,0.4,18.8,18.18,1.7982213434391219,0
2026-05-16T16:08:58,6.4,5.639999999999999,0.9156418513807677,1700.0,1700.0,0.0,89.2,89.2,0.0,1695.7109375,1696.1765625,1.1369386063157718,0.0,390708.6034510848,684545.2211424342,1629446.664161415,441322.70553263946,603113.6044213008,907.1695479071252,687.4405192639393,320.10615125794396,2749.208477245257,1453.0710205185537,1316.0299746529568,229.0,229.0,0.0,356.0,355.4,0.48989794855663565,15.9,18.080000000000002,1.9051509126575772,0
2026-05-16T16:08:59,5.2,5.319999999999999,0.7110555533852472,1700.0,1700.0,0.0,89.2,89.2,0.0,1693.94140625,1695.7828125,1.456907878490006,0.0,390708.6034510848,684545.2211424342,408586.9878047086,510260.36557034974,575081.0085975425,1075.8951041945547,673.8156456439525,301.2786679017317,1371.5684830127275,1063.5562752754145,940.7961276921786,228.0,228.8,0.4,356.0,355.6,0.48989794855663565,17.4,17.28,0.9368030742904296,0
2026-05-16T16:09:00,3.8,5.24,0.8428523002282192,1700.0,1700.0,0.0,89.2,89.2,0.0,1692.96484375,1695.325,1.8561329403325344,0.0,390708.6034510848,684545.2211424342,32441.457267274433,471178.8655237742,599084.0875439997,605.9012404654527,655.9526497070023,302.12683673766685,738.5658911556008,1065.3037151079996,940.1825515930142,228.0,228.6,0.4898979485566356,356.0,355.8,0.4,13.4,16.580000000000002,1.8356470248934023,0
2026-05-16T16:09:01,3.9,4.9799999999999995,1.0007996802557444,1700.0,1700.0,0.0,89.2,89.2,0.0,1695.828125,1694.80859375,1.151322375744789,0.0,40556.904921559166,81113.80984311833,93745.59887231866,489927.98529823794,585354.1525844785,793.7496863977995,724.8628657971877,285.972315683586,900.6386715985007,1197.1475464096218,858.0363132005111,228.0,228.4,0.4898979485566356,356.0,356.0,0.0,15.9,16.28,1.7993332098307973,0
2026-05-16T16:09:02,11.4,6.140000000000001,2.796855377026134,1700.0,1700.0,0.0,89.1,89.17999999999999,0.04000000000000341,1712.1484375,1698.11875,7.0977405660236785,0.0,0.0,0.0,133543.4835826396,459552.8383376713,598960.8082828092,739.0101630549718,824.3451484039808,158.79114858621028,961.3060008723096,1344.2575047768792,732.7953300719794,226.0,227.8,0.9797958971132712,355.0,355.8,0.4,23.2,17.16,3.2818287584820753,0
2026-05-16T16:09:03,6.6,6.18,2.8017137612539935,1700.0,1700.0,0.0,89.1,89.16000000000001,0.04898979485566774,1715.2734375,1702.03125,9.631584154752433,0.0,0.0,0.0,52666.35280049322,144196.7760654869,136695.3310447515,2704.13552727893,1183.7383442783419,775.5008427462184,4323.253983078348,1659.0666059434975,1348.3288850041408,226.0,227.2,0.9797958971132712,355.0,355.6,0.48989794855663565,17.9,17.559999999999995,3.2252751820581134,0
2026-05-16T16:09:04,8.1,6.760000000000001,2.8387321113483046,1700.0,1700.0,0.0,89.1,89.14000000000001,0.04898979485566774,1713.97265625,1706.0375,9.599359173049164,0.0,0.0,0.0,77145.24527410828,77908.42755936684,34788.117588577836,2790.4485177659185,1526.6490269926148,998.8950416394449,5621.539447335887,2509.060798808129,2054.0710367096913,228.0,227.2,0.9797958971132712,355.0,355.4,0.48989794855663565,18.2,17.720000000000002,3.2332027465038435,0
2026-05-16T16:09:05,6.4,7.279999999999999,2.462031681355868,1700.0,1700.0,0.0,89.1,89.12,0.040000000000003415,1715.86328125,1710.6171875,7.503631526400025,0.0,0.0,0.0,6088.776019269307,72637.89130976581,42433.45337063864,1327.9557073276158,1671.0599203650472,902.9270778220188,2997.8104587059984,2960.909712318209,1853.6140875637343,228.0,227.2,0.9797958971132712,355.0,355.2,0.4,13.8,17.8,3.1285779517218355,0
2026-05-16T16:09:06,5.6,7.62,2.0556264252047356,1700.0,1700.0,0.0,89.1,89.1,0.0,1717.34765625,1714.92109375,1.7599559847789874,64956.19451150279,12991.238902300558,25982.477804601116,47194.73507476375,63327.71855025484,41884.15481153606,512.4260339728843,1614.7951898800643,962.6335934207627,2689.988890140054,3318.7797560265194,1572.75251821869,228.0,227.2,0.9797958971132712,355.0,355.0,0.0,14.7,17.56,3.306115545470242,0
2026-05-16T16:09:07,6.7,6.6800000000000015,0.8084553172563095,1700.0,1700.0,0.0,89.1,89.1,0.0,1716.08984375,1715.709375,1.1007854085265667,0.0,12991.238902300558,25982.47780460112,178375.28289506247,72294.0784127394,57749.67095673413,1318.336496893994,1730.6604566478686,881.7121660872057,6844.066723740218,4495.331900600101,1569.4803835539858,228.0,227.6,0.8,355.0,355.0,0.0,15.4,16.0,1.7515707236649047,0
2026-05-16T16:09:08,12.0,7.76,2.268567830151878,1700.0,1700.0,0.0,89.1,89.1,0.0,1716.19140625,1715.89296875,1.089258635494803,0.0,12991.238902300558,25982.47780460112,181950.52170943478,98150.91219452771,70670.40562460627,483.06849861923405,1286.4470509159294,837.7691747216163,348.44285146305407,3700.3696742770417,2294.4976200273295,227.0,227.8,0.4,355.0,355.0,0.0,22.4,16.9,3.118974190338868,0
2026-05-16T16:09:09,7.6,7.659999999999999,2.262388118780683,1700.0,1700.0,0.0,89.1,89.1,0.0,1718.47265625,1716.79296875,0.9848461174213969,0.0,12991.238902300558,25982.47780460112,63331.98060059144,95388.25925982435,71700.05558451875,6896.258950086278,2107.6091373800014,2422.6315948210063,10593.263317645804,4694.714448339026,3611.123882530535,229.0,228.0,0.6324555320336759,355.0,355.0,0.0,18.8,17.02,3.1776721039150653,0
2026-05-16T16:09:10,6.5,7.68,2.251577224969199,1700.0,1700.0,0.0,89.1,89.1,0.0,1716.4765625,1716.915625,0.8955647005172211,0.0,12991.238902300558,25982.47780460112,364221.5418514517,167014.81242626082,113445.67896888204,1273.3427621990675,2096.6865483542915,2426.2425113798836,6281.626415852275,5351.477639768282,3540.711664889832,228.0,228.0,0.6324555320336759,355.0,355.0,0.0,12.3,16.72,3.519886361802039,0
2026-05-16T16:09:11,13.8,9.319999999999999,3.0009331881932995,1700.0,1700.0,0.0,89.3,89.14,0.08000000000000114,1683.30859375,1710.1078125,13.427766187462316,255512.72607810074,51102.54521562015,102205.0904312403,44613.33312474775,166498.53203625762,113994.34096044216,7999.625317712115,3594.1264051021376,3179.8250811832213,8496.693260463877,6512.818513833046,3427.783285939676,228.0,228.0,0.6324555320336759,356.0,355.2,0.4,23.1,18.4,4.109987834531873,0
2026-05-16T16:09:12,9.6,9.900000000000002,2.7040710049848915,1700.0,1700.0,0.0,89.2,89.16,0.08000000000000183,1702.11328125,1707.3125,13.346036835658367,0.0,51102.54521562015,102205.09043124031,91148.01999375992,149053.0794559971,117463.58774571939,6167.524443154154,4563.96399435417,3075.603054457007,8029.847811733255,6749.974731431654,3483.0713008271737,229.0,228.2,0.7483314773547883,355.0,355.2,0.4,23.1,19.939999999999998,4.139855069926965,0
2026-05-16T16:09:13,4.8,8.459999999999999,3.091666217430336,1700.0,1700.0,0.0,89.1,89.16,0.08000000000000185,1704.3125,1704.93671875,12.589891478151852,0.0,51102.54521562015,102205.09043124031,2248041.771612604,562271.329436631,850871.6882984977,1454.6627631768931,4758.282847265701,2832.734288952387,3241.8198722227903,7328.650135583601,2462.1999278009034,229.0,228.6,0.4898979485566356,355.0,355.2,0.4,18.2,19.1,3.9784419060732814,0
2026-05-16T16:09:14,5.6,8.059999999999999,3.299454500368205,1700.0,1700.0,0.0,89.0,89.13999999999999,0.10198039027185603,1722.97265625,1705.83671875,13.642215909874782,0.0,51102.54521562015,102205.09043124031,94409.3827236508,568486.8098612429,847310.3700675762,366.80392733273266,3452.3918427149924,3043.3306250943037,491.71553501901457,5308.340579058242,3032.815998549149,230.0,228.8,0.7483314773547882,354.0,355.0,0.6324555320336759,13.6,18.06,4.558333028641063,0
2026-05-16T16:09:15,3.8,7.519999999999999,3.706426850755321,1700.0,1700.0,0.0,88.9,89.1,0.1414213562373075,1746.55078125,1711.8515625,21.420024081233546,0.0,51102.54521562015,102205.09043124031,0.0,495642.50149095256,876880.3570706366,14767.880044318104,6151.2992991388,5161.023493878055,16729.86585129243,7397.988466146274,5543.65722550378,234.0,230.0,2.0976176963403033,353.0,354.6,1.019803902718557,7.8,17.16,5.863991814455406,0
2026-05-16T16:09:16,7.6,6.279999999999999,2.0769207977195467,1700.0,1700.0,0.0,88.9,89.02000000000001,0.11661903789690377,1747.921875,1724.77421875,19.725507923543994,0.0,0.0,0.0,100364.43687726649,506792.7222414563,871411.6826868161,584.1127856453917,4668.196792725455,5472.84403037847,359.3778664225037,5770.525387337999,6144.141661037255,233.0,231.0,2.0976176963403033,353.0,354.0,0.8944271909999159,12.5,15.039999999999997,5.213290707413122,0
2026-05-16T16:09:17,3.1,4.9799999999999995,1.5625619987699688,1700.0,1700.0,0.0,88.9,88.96,0.07999999999999545,1747.76953125,1733.90546875,17.571829671324696,0.0,0.0,0.0,140798.45273612865,516722.80878993,866889.8266014202,502.5124633961426,3535.194396773853,5629.326412393684,520.3180231227776,4268.619429615903,6323.510350669902,232.0,231.6,1.8547236990991407,353.0,353.6,0.8,9.0,12.219999999999999,3.6782604584232477,0
2026-05-16T16:09:18,4.4,4.9,1.5798734126505198,1700.0,1700.0,0.0,88.9,88.92,0.039999999999997725,1749.98046875,1743.0390625,10.093514171006671,0.0,0.0,0.0,24830.485517487035,72080.5515709066,51863.04940136656,5174.337463545209,4279.129336847516,5550.451538857008,9098.63892547267,5439.983240265879,6562.746694638436,233.0,232.4,1.3564659966250534,353.0,353.2,0.4,10.9,10.76,2.143455154651013,0
2026-05-16T16:09:19,3.9,4.56,1.57556339129849,1700.0,1700.0,0.0,88.9,88.9,0.0,1747.0390625,1747.85234375,1.1744019630020741,0.0,0.0,0.0,182354.78076538842,89669.63117925412,68649.58817427582,2947.237911784354,4795.21613373784,5275.859705765494,3657.5825981425837,6073.156652890593,6197.342604760801,231.0,232.6,1.019803902718557,353.0,353.0,0.0,10.4,10.120000000000001,1.6117071694324627,0
2026-05-16T16:09:20,3.1,4.42,1.665412861725284,1700.0,1700.0,0.0,88.9,88.9,0.0,1745.0546875,1747.553125,1.5862695926932235,0.0,0.0,0.0,219289.1480997901,133527.46079921216,67389.70262363779,6940.8196458945,3229.804054053119,2532.60704557476,7944.800255924843,4316.143533817076,3647.941889296248,230.0,231.8,1.16619037896906,353.0,353.0,0.0,10.6,10.68,1.1196428001822725,0
2026-05-16T16:09:21,5.0,3.9,0.7402702209328699,1700.0,1700.0,0.0,88.9,88.9,0.0,1741.8359375,1746.3359375,2.746772120158155,8109.119126132859,1621.8238252265717,3243.6476504531433,113020.84782047672,136058.7429878542,66325.79916010224,1104.7090997026696,3333.9233168645746,2430.33472630045,1162.1222966406222,4476.692419860699,3484.26106462331,230.0,231.2,1.1661903789690602,354.0,353.2,0.4,15.2,11.219999999999999,2.094182418033348,0
2026-05-16T16:09:22,6.0,4.4799999999999995,0.9826494797230597,1700.0,1700.0,0.0,89.0,88.92,0.039999999999997725,1734.0546875,1743.59296875,5.4567079472053255,283269.15845577145,58275.655516380866,112540.58273878213,120895.23012665959,132078.0984659604,66518.86618227404,7173.609652439161,4668.142754673179,2339.155001389914,12116.395644885535,6795.90794421325,3912.0005007553855,230.0,230.8,1.1661903789690602,354.0,353.4,0.48989794855663565,13.2,12.059999999999999,1.8650469162999623,0
2026-05-16T16:09:23,8.5,5.3,1.8772320048411704,1700.0,1700.0,0.0,88.6,88.86000000000001,0.13564659966250855,1792.421875,1752.08125,20.649869948894352,0.0,58275.655516380866,112540.58273878213,31622532.60561355,6451618.522485172,12585518.590506908,778.4639866965368,3788.968059303444,2770.0851146671707,1699.3661107301784,5316.053381264753,4153.096691398974,228.0,229.8,0.9797958971132712,355.0,353.8,0.7483314773547882,32.3,16.34,8.17449692641694,0
2026-05-16T16:09:24,12.9,7.1,3.3828981657744297,1700.0,1700.0,0.0,88.7,88.82,0.14696938456699316,1772.7265625,1757.21875,21.913107432396483,0.0,58275.655516380866,112540.58273878213,155561.2945777985,6446259.825247655,12588192.214417737,11800.072327387034,5559.53494242398,4151.183065762142,12871.371319824946,7158.811125601225,4971.81222359101,233.0,230.2,1.6,355.0,354.2,0.7483314773547882,25.8,19.419999999999998,8.25697281090352,0
2026-05-16T16:09:25,5.1,7.5,2.9806039656418633,1700.0,1700.0,0.0,88.6,88.75999999999999,0.16248076809272222,1789.23046875,1766.05390625,24.03084342146307,0.0,58275.655516380866,112540.58273878213,113571.6362452302,6425116.322876742,12598717.845735302,672.3906686881915,4305.849146982719,4478.374606465226,368.37898196171903,5643.5268708086,5614.380497499585,233.0,230.8,1.9390719429665317,354.0,354.4,0.48989794855663565,10.9,19.48,8.193509626527572,0
2026-05-16T16:09:26,3.6,7.220000000000001,3.255395521284626,1700.0,1700.0,0.0,88.6,88.7,0.15491933384829887,1793.90625,1776.46796875,22.51393671021144,0.0,56653.83169115429,113307.6633823086,116060.02122857474,6425724.157558362,12598413.368881587,561.2550494388124,4197.158336929947,4560.587998740376,766.1576865355216,5564.33394878758,5679.44940044984,232.0,231.2,1.9390719429665317,354.0,354.4,0.48989794855663565,12.1,18.86,8.601069700915113,0
2026-05-16T16:09:27,4.8,6.9799999999999995,3.3784019891066843,1700.0,1700.0,0.0,88.7,88.64,0.04898979485566774,1779.28515625,1785.5140625,8.176524803443582,67992.97633077737,13598.595266155473,27197.190532310946,146134.1580840588,6430771.943149841,12595891.015904296,245.77685007627082,2811.5917764573687,4497.777100409226,225.9561363604425,3186.2460470825617,4869.763491565308,232.0,231.6,1.8547236990991405,355.0,354.6,0.48989794855663565,10.8,18.38,8.962901315980222,0
2026-05-16T16:09:28,4.2,6.12,3.4289356949350918,1700.0,1700.0,0.0,88.7,88.66,0.04898979485566774,1778.69921875,1782.76953125,7.685567671906424,0.0,13598.595266155473,27197.190532310946,52689.28805939045,116803.27963901055,36011.34271507896,521.4703802452443,2760.1930551671103,4522.1196906311,253.3138849009156,2897.0356019167093,4990.912702778497,230.0,232.0,1.0954451150103321,355.0,354.6,0.48989794855663565,12.1,14.34,5.757291029642326,0
2026-05-16T16:09:29,3.9,4.319999999999999,0.556417109729742,1700.0,1700.0,0.0,88.6,88.63999999999999,0.04898979485566774,1783.140625,1784.85234375,5.880913226775189,0.0,13598.595266155473,27197.190532310946,19757.87108910071,89642.59494127099,46284.333533254714,458.1277200647851,491.80413370266086,141.40617923038945,463.07510365079787,415.37635868187937,194.76946870249415,229.0,231.2,1.469693845669907,355.0,354.6,0.48989794855663565,11.9,11.559999999999999,0.5851495535331114,0
2026-05-16T16:09:30,3.5,4.0,0.46904157598234286,1700.0,1700.0,0.0,88.6,88.64000000000001,0.04898979485566774,1782.34375,1783.475,5.487538372765892,0.0,13598.595266155473,27197.190532310946,125538.21087280546,92035.90986678604,47746.10789750723,1513.6640061607322,660.0588011971689,440.45805118676026,694.0510335237323,480.510768994282,220.8683289379321,229.0,230.4,1.3564659966250536,355.0,354.8,0.4,9.1,11.2,1.1558546621439911,0
2026-05-16T16:09:31,2.9,3.8599999999999994,0.6406246951218786,1700.0,1700.0,0.0,88.6,88.64000000000001,0.04898979485566774,1786.984375,1782.090625,2.982872863126775,64842.06027100674,26567.007320356824,32553.05890605999,174263.0369783306,103676.51301673721,58146.50186317872,1737.4062780134252,895.2890469120915,607.3327813022291,3504.4948956284466,1028.1782108128668,1249.568069064922,229.0,229.8,1.1661903789690602,355.0,355.0,0.0,14.7,11.719999999999999,1.8312837027615354,0
2026-05-16T16:09:32,2.4,3.38,0.6554387843269577,1700.0,1700.0,0.0,88.6,88.62,0.040000000000003415,1787.890625,1783.81171875,3.3300504260211663,0.0,12968.412054201348,25936.824108402696,228618.86933384012,120173.45526669346,76618.89277983403,0.0,846.1336768968374,665.1106175512597,53.345456581976656,993.6560748571737,1273.4112885286593,229.0,229.2,0.4,355.0,355.0,0.0,8.8,11.319999999999999,2.1747643550509097,0
2026-05-16T16:09:33,2.7,3.0800000000000005,0.5455272678794342,1700.0,1700.0,0.0,88.6,88.6,0.0,1785.75,1785.221875,2.1504768729865478,0.0,12968.412054201348,25936.824108402696,127771.76008752624,135189.94967232062,68888.92442962716,758.5656019581248,893.5527212394134,648.5182727758819,887.30388949671,1120.4540757763327,1223.9850581340725,229.0,229.0,0.0,355.0,355.0,0.0,6.1,10.120000000000001,2.9355749011054035,0
2026-05-16T16:09:34,3.5,3.0,0.4381780460041329,1700.0,1700.0,0.0,88.6,88.6,0.0,1788.84375,1786.3625,2.2540631715304693,0.0,12968.412054201348,25936.824108402696,0.0,131238.3754545005,75633.46161286239,492.87171904683464,900.5015210358233,643.985815899409,283.05484266545125,1084.4500235792634,1245.2554771151313,229.0,229.0,0.0,355.0,355.0,0.0,13.2,10.379999999999999,3.1326665957295865,0
2026-05-16T16:09:35,8.5,4.0,2.2785960589801784,1700.0,1700.0,0.0,88.6,88.6,0.0,1789.78515625,1787.85078125,1.406650116689026,0.0,12968.412054201348,25936.824108402696,3546.628466535969,106840.05897324657,91540.59614696034,2795.5428063515938,1156.8772810739956,996.0079561538731,1438.838669180608,1233.4075507106386,1234.1429603312147,229.0,229.0,0.0,355.0,355.0,0.0,18.6,12.28,4.403362351658106,0
2026-05-16T16:09:36,5.0,4.42,2.230156945149825,1700.0,1700.0,0.0,89.5,88.78,0.3600000000000023,1649.41015625,1760.3359375,55.479034202876896,112579958.03216727,22515991.606433455,45031983.21286691,18252.9205960999,75638.03569680045,89813.57976916709,375.3177574827399,884.4595769678587,986.1970988281678,523.86040556298,637.2806526975451,486.68824989787447,228.0,228.8,0.4,356.0,355.2,0.4,13.6,12.06,4.3033010584898665,0
2026-05-16T16:09:37,9.4,5.82,2.675369133409444,1700.0,1700.0,0.0,88.2,88.69999999999999,0.42895221179054444,1849.671875,1772.6921875,66.1027692852405,180620937.27931795,58640179.062297046,74973084.41286452,333409.272613327,96596.11635269782,127419.8296593271,7570.576908031659,2398.5749585741905,2732.1088143067286,6117.239258412132,1850.059413063576,2168.830637096925,229.0,228.8,0.4,355.0,355.2,0.4,29.7,16.240000000000002,7.8201278761923065,0
2026-05-16T16:09:38,3.7,6.02,2.4636558201177374,1700.0,1700.0,0.0,88.3,88.64,0.45869379764718865,1844.23828125,1784.38984375,72.26623248900067,20276.035251077374,58644234.269347265,74969913.00529972,0.0,71041.76433519258,131356.63618487632,155.43640304780993,2277.9491187921276,2813.943133378771,2665.189789838881,2205.6365931320106,2127.181014399457,228.0,228.6,0.4898979485566356,355.0,355.2,0.4,14.7,17.96,6.173038149890214,0
2026-05-16T16:09:39,3.1,5.9399999999999995,2.5491959516678984,1700.0,1700.0,0.0,88.3,88.58000000000001,0.47916594202843776,1843.7890625,1795.37890625,76.17962224224208,0.0,58644234.269347265,74969913.00529972,157764.81873812398,102594.72808281737,129436.34545818414,842.1680059749635,2347.8083761777534,2772.794413261697,841.1772200855812,2317.2610686160365,2036.0561886126468,228.0,228.4,0.4898979485566356,355.0,355.2,0.4,10.6,17.44,6.643673682534385,0
2026-05-16T16:09:40,3.7,4.98,2.295560933628206,1700.0,1700.0,0.0,88.3,88.52000000000001,0.4915282290977807,1841.40625,1805.703125,78.19329011428336,0.0,58644234.269347265,74969913.00529972,62330.43742518527,114351.48987454723,122383.34645962252,262.2835035199774,1841.1565156114298,2874.279444539481,118.76988838640486,2053.247312457196,2210.920408176259,226.0,227.8,0.9797958971132712,355.0,355.2,0.4,11.9,16.1,6.943486156103432,0
2026-05-16T16:09:41,3.7,4.720000000000001,2.351510153071851,1700.0,1700.0,0.0,88.2,88.26,0.04898979485566078,1848.16015625,1845.453125,3.0248311145391864,64904.440848191734,36141223.551083446,72239860.75362605,856434.379629655,281987.78168125823,308490.15091236966,13143.109657231942,4394.71489556127,5182.462178887641,16717.33034542048,5291.941300428696,6077.688021024112,228.0,227.8,0.9797958971132712,355.0,355.0,0.0,10.6,15.5,7.256169788531689,0
2026-05-16T16:09:42,3.4,3.5199999999999996,0.24000000000000005,1700.0,1700.0,0.0,88.3,88.28,0.039999999999997725,1844.08203125,1844.33515625,2.1716718092901663,0.0,17036.09521985382,25189.526973008924,166232.35112930424,248552.3973844537,310160.08492612315,6869.596255938997,4254.518765142738,5103.532788741054,8321.714081221779,5732.836264990625,6200.289072928819,229.0,227.8,0.9797958971132712,355.0,355.0,0.0,13.2,12.2,1.5786069808536891,0
2026-05-16T16:09:43,2.9,3.3600000000000003,0.3200000000000001,1700.0,1700.0,0.0,88.2,88.26,0.04898979485566078,1844.9609375,1844.4796875,2.1844250150747624,60790.24949652505,25138.938068943356,30816.261419891078,155521.72162860993,279656.74171017564,290872.9628594805,3473.869889034822,4918.20546234014,4729.371436567909,2990.0412431396276,5797.806555650774,6169.429258552852,229.0,228.0,1.0954451150103321,355.0,355.0,0.0,9.2,11.1,1.3535139452550904,0
2026-05-16T16:09:44,3.6,3.46,0.30066592756745825,1700.0,1700.0,0.0,88.2,88.24,0.04898979485566078,1846.59375,1845.040625,2.29249236426959,0.0,25138.938068943356,30816.26141989107,60832.56855239456,260270.29167302983,301390.9780535615,1873.2945914897543,5124.430779443098,4566.826630906452,10073.41393964945,7644.25389956355,5778.842306970244,227.0,227.8,1.1661903789690602,355.0,355.0,0.0,15.7,12.120000000000001,2.230156945149825,0
2026-05-16T16:09:45,9.7,4.659999999999999,2.535034516530297,1700.0,1700.0,0.0,88.2,88.22,0.039999999999997725,1845.8671875,1845.9328125,1.3980084013461347,0.0,25138.938068943356,30816.26141989107,276064.1663250277,303017.0374529983,284996.64821305906,1315.8161597343994,5335.137310685983,4357.1231417285435,5004.0587488245055,8621.311671651169,4744.251330308394,227.0,228.0,0.8944271909999159,355.0,355.0,0.0,20.0,13.74,3.8416663051337503,0
2026-05-16T16:09:46,7.5,5.42,2.6977027263951823,1700.0,1700.0,0.0,88.2,88.22,0.039999999999997725,1849.296875,1846.16015625,1.781548083611203,0.0,12158.04989930501,24316.09979861002,40309.4537867264,139792.05228441255,84436.94504286857,1027.41869514996,2911.9991182695862,2152.0513176690856,1094.3386867880802,5496.713339924688,3311.6108980785375,227.0,227.8,0.9797958971132712,355.0,355.0,0.0,18.8,15.379999999999999,3.9009742372899625,0
2026-05-16T16:09:47,9.5,6.640000000000001,2.88138855415232,1700.0,1700.0,0.0,88.2,88.2,0.0,1849.5234375,1847.2484375,1.8406979505917043,0.0,12158.04989930501,24316.09979861002,77960.89852770093,122137.7617640919,86271.22433796978,261.0297941775701,1590.2858259173013,1075.8306081061664,225.4348222442651,3877.4574881291855,3507.9804490938313,228.0,227.6,0.8,355.0,355.0,0.0,25.8,17.9,5.443528267585281,0
2026-05-16T16:09:48,4.9,7.039999999999999,2.439344174158292,1700.0,1700.0,0.0,88.2,88.2,0.0,1845.7265625,1847.4015625,1.6677563169757446,0.0,0.0,0.0,177402.31141634888,126513.8797216397,88382.74760834346,451.4255245862449,985.7969530275857,584.6601341926068,452.4154928419165,3369.9323380696433,3773.1983871516222,228.0,227.4,0.4898979485566356,355.0,355.0,0.0,14.1,18.88,4.052357338636365,0
2026-05-16T16:09:49,6.1,7.540000000000001,1.8736061485808588,1700.0,1700.0,0.0,88.2,88.2,0.0,1851.1015625,1848.303125,2.139178343283935,0.0,0.0,0.0,10638.53365560923,116475.07274228262,97638.84814475013,821.2409722987036,775.3862291893756,381.3661263294645,698.5495499311864,1494.9594601259907,1778.040173727238,227.0,227.4,0.4898979485566356,355.0,355.0,0.0,13.8,18.499999999999996,4.406359041203974,0
2026-05-16T16:09:50,5.6,6.720000000000001,1.6302147097851865,1700.0,1700.0,0.0,88.2,88.2,0.0,1848.015625,1848.7328125,1.7947773081743317,0.0,0.0,0.0,150002.0290320756,91262.64528369221,63472.4646612844,1796.4374121965873,871.5104796818132,535.0667738489409,785.8795070435759,651.3236117698049,295.8187403463673,227.0,227.4,0.4898979485566356,355.0,355.0,0.0,10.9,16.68,5.215898772023859,0
2026-05-16T16:09:51,6.6,6.540000000000001,1.5831613941730642,1700.0,1700.0,0.0,88.2,88.2,0.0,1847.74609375,1848.42265625,1.804471713289654,60786.045487336814,12157.209097467363,24314.418194934726,265432.3986280374,136287.23425195442,86886.79537005468,7884.179630348097,2242.8626667214403,2869.9013712303718,14518.802368598108,3336.2163481318103,5594.729722180404,230.0,228.0,1.0954451150103321,355.0,355.0,0.0,16.9,16.3,5.115857699350129,0
2026-05-16T16:09:52,11.9,7.0200000000000005,2.503916931529479,1700.0,1700.0,0.0,88.2,88.2,0.0,1848.421875,1848.20234375,1.721986299715027,0.0,12157.209097467363,24314.418194934726,377349.9790495279,196165.0503563198,122089.39121116912,489.6923228542269,2288.595172456772,2839.6181719543097,531.2419744903431,3397.3777785810257,5561.964028171222,230.0,228.4,1.3564659966250536,355.0,355.0,0.0,30.0,17.139999999999997,6.704804247701793,0
2026-05-16T16:09:53,8.4,7.719999999999999,2.293817778290159,1700.0,1700.0,0.0,88.2,88.2,0.0,1852.76953125,1849.6109375,1.9816766225416613,0.0,12157.209097467363,24314.418194934726,40572.49212786713,168799.08649862348,137580.24650785496,937.0502332266188,2385.7201141848464,2782.8572348806965,2313.8999416674224,3769.674668346127,5412.676154017838,227.0,228.2,1.469693845669907,355.0,355.0,0.0,23.1,18.939999999999998,6.853495458523336,0
2026-05-16T16:09:54,6.8,7.859999999999999,2.210520300743696,1700.0,1700.0,0.0,88.2,88.2,0.0,1852.59765625,1849.91015625,2.275349550326691,194686.38695267204,51094.48648800177,75557.26284522375,105455.1262660307,187762.40502070778,119867.66096099564,253.4978996779584,2272.171499660698,2855.0230155281506,347.5693858865758,3699.4786355372044,5454.166726412651,227.0,228.2,1.469693845669907,355.0,355.0,0.0,21.2,20.42,6.365343667077215,0
2026-05-16T16:09:55,4.9,7.719999999999999,2.3659247663440186,1700.0,1700.0,0.0,88.2,88.2,0.0,1854.4453125,1851.19609375,2.63044844716697,0.0,51094.48648800177,75557.26284522375,100362.60863250696,177834.52094079403,124548.25950102719,1449.3653235281545,2202.7570819270113,2869.926039832291,1312.7448217201727,3804.851698472524,5401.695926318536,227.0,228.2,1.469693845669907,355.0,355.0,0.0,13.8,21.0,5.551576352712805,0
2026-05-16T16:09:56,4.3,7.26,2.7339348931530907,1700.0,1700.0,0.0,88.1,88.17999999999999,0.04000000000000341,1869.8671875,1855.6203125,7.395065642008148,0.0,38937.27739053441,77874.55478106881,15205.579734999541,127789.15716218646,129470.79739263114,0.0,625.9211558573918,514.5670549287373,0.0,901.0912247529028,827.1187875794102,227.0,227.6,1.2,354.0,354.8,0.4,12.5,20.119999999999997,6.413548159950154,0
2026-05-16T16:09:57,4.8,5.840000000000001,1.537010084547268,1700.0,1700.0,0.0,88.1,88.16000000000001,0.04898979485566774,1875.41015625,1861.01796875,9.670387039723222,109504.96610196191,60838.27061092679,79230.86647391354,42078.29715955018,60734.8207841909,35770.83855113822,1937.7642023070337,915.5355317479531,722.0647782650318,4003.260434301143,1595.4949167150628,1448.883041762181,227.0,227.0,0.0,354.0,354.6,0.48989794855663565,12.1,16.54,4.653858614096479,0
2026-05-16T16:09:58,7.4,5.640000000000001,1.2240914998479486,1700.0,1700.0,0.0,88.1,88.14000000000001,0.04898979485566774,1872.421875,1864.9484375,9.511586209292163,0.0,60838.27061092679,79230.86647391354,121787.73452248596,76977.86926311467,40986.63224248785,1687.8622387027472,1065.6979328431787,786.1513399387106,6238.053394242567,2380.3256072300915,2385.5296148672883,227.0,227.0,0.0,354.0,354.4,0.48989794855663565,15.9,15.1,3.325657829663178,0
2026-05-16T16:09:59,8.8,6.04,1.7511139311878028,1700.0,1700.0,0.0,88.0,88.1,0.06324555320336848,1877.02734375,1869.834375,8.078955545432722,0.0,21900.99322039238,43801.98644078476,45639.13508383002,65014.67102667453,39636.07358513867,1235.0694759013895,1262.012248087865,673.2742264949007,3054.4941970167483,2921.7105694561264,2159.197756689558,227.0,227.0,0.0,354.0,354.2,0.4,25.0,15.86,4.758403093475793,0
2026-05-16T16:10:00,3.9,5.84,1.9189580506097577,1700.0,1700.0,0.0,88.0,88.05999999999999,0.04898979485566078,1876.91796875,1874.32890625,2.7819997672678056,0.0,21900.99322039238,43801.98644078476,79021.33532415802,60746.41636500475,36635.26063427114,108.82846160929215,993.9048757040925,800.2268147467947,130.59415393115057,2685.2804358983217,2376.2465692693077,227.0,227.0,0.0,353.0,353.8,0.4,9.2,14.940000000000001,5.460622675116823,0
2026-05-16T16:10:01,3.6,5.7,2.0474374227311567,1700.0,1700.0,0.0,88.0,88.03999999999999,0.04898979485566078,1881.97265625,1876.75,3.095452104373245,0.0,21900.99322039238,43801.98644078476,40591.51429232404,65823.60327646964,31349.87958711694,1030.6439175785401,1200.0336592198005,632.9095122496044,880.0113450093688,2861.2827049001953,2196.6392633954474,227.0,227.0,0.0,353.0,353.6,0.48989794855663565,15.4,15.520000000000001,5.322931523136476,0
2026-05-16T16:10:02,5.1,5.760000000000001,2.024450542739931,1700.0,1700.0,0.0,87.9,88.0,0.06324555320336399,1903.39453125,1882.346875,10.94915461651749,0.0,0.0,0.0,304235.70979242283,118255.08580304417,97411.77128227286,75.2666469538546,827.5341481491647,637.1730224073718,118.84207413766516,2084.3990328675,2337.7444918941374,227.0,227.0,0.0,352.0,353.2,0.7483314773547882,12.3,15.559999999999999,5.297773117074758,0
2026-05-16T16:10:04,5.1,5.3,1.8536450577173615,1700.0,1700.0,0.0,87.7,87.91999999999999,0.11661903789690474,1923.51953125,1892.56640625,18.297037120332146,64928.32927229815,12985.66585445963,25971.33170891926,253626.28621991465,144622.7961425299,111608.12468126469,344.7732328301965,558.9163469746545,482.0919756319571,225.88591116461149,881.9655362519088,1122.2514377591685,227.0,227.0,0.0,352.0,352.8,0.7483314773547882,13.8,15.14,5.337265217318697,0
2026-05-16T16:10:05,28.4,9.219999999999999,9.60945367853969,1700.0,1700.0,0.0,88.2,87.96,0.16248076809271872,1856.44140625,1888.44921875,23.033474917972644,161962.77051100504,45378.219956660636,63484.978918665605,173603.84464148353,170215.7380540606,100048.9981073512,3972.951505637996,1106.492752921976,1473.8600187212287,8409.529350202147,1952.9725668889885,3240.564683527879,226.0,226.8,0.4,352.0,352.4,0.48989794855663565,59.4,22.02,18.801531852484786,0
2026-05-16T16:10:06,2.6,8.959999999999999,9.766186563853875,1700.0,1700.0,0.0,88.2,88.0,0.18973665961010247,1856.24609375,1884.31484375,26.348856081372393,0.0,45378.219956660636,63484.978918665605,0.0,154411.47098922898,117861.88036525306,1304.7587859313035,1345.6788177863782,1387.0286433583792,4514.188212326816,2829.6913785681218,3221.859105215532,225.0,226.4,0.8,352.0,352.2,0.4,6.2,21.42,19.24374183988135,0
2026-05-16T16:10:07,4.2,9.08,9.703071678597453,1700.0,1700.0,0.0,88.1,88.02000000000001,0.1939071942966521,1861.68359375,1880.25703125,27.91297012801016,0.0,45378.219956660636,63484.978918665605,208475.5197874014,187988.2720882445,103718.89431142017,3032.5405169804767,1746.0581376667656,1520.787933434676,4681.069566394235,3589.903022845095,3118.929967470584,224.0,225.8,1.1661903789690602,352.0,352.0,0.0,9.4,20.220000000000002,19.76182177836851,0
2026-05-16T16:10:08,3.4,8.74,9.86500886973752,1700.0,1700.0,0.0,87.9,88.02000000000001,0.1939071942966521,1905.93359375,1880.76484375,28.348975624267496,243181.44981370945,94014.50991940252,95279.80282332974,198598.18401452937,166860.76693266578,87355.92856093904,728.2777793900152,1876.6603641539975,1394.491135636274,585.7886486397949,3683.2923377455204,3018.988305804036,224.0,225.2,1.1661903789690602,351.0,351.8,0.4,9.1,19.580000000000002,20.057557179277836,0
2026-05-16T16:10:09,4.3,8.58,9.92902814982413,1700.0,1700.0,0.0,87.9,88.05999999999999,0.13564659966250353,1906.9140625,1877.44375,23.74443983023315,0.0,81028.8440649429,102509.30563865312,218205.1005048244,159776.52978964773,81255.57758949224,2489.694824073941,2305.6446824027466,1168.9331012729413,5009.123264677428,4639.939808448084,2481.9245953552136,224.0,224.6,0.8,351.0,351.6,0.48989794855663565,12.1,19.24,20.166764738053544,0
2026-05-16T16:10:10,9.1,4.720000000000001,2.2745549015137003,1700.0,1700.0,0.0,87.8,87.98,0.14696938456699007,1920.8203125,1890.31953125,26.19347678942907,64883.06870329851,61612.903703401586,94197.96242385653,0.0,125055.76086135104,102295.67958399758,3356.2256302517994,2182.299507325507,1007.9445520821373,10050.856223692115,4968.205183146078,3010.9523026269726,222.0,223.8,0.9797958971132712,351.0,351.4,0.48989794855663565,17.2,10.8,3.7056713291925925,0
2026-05-16T16:10:11,6.5,5.5,2.073644135332772,1700.0,1700.0,0.0,87.5,87.84,0.19595917942265356,1962.51171875,1911.57265625,32.319428563117945,198536.3601687896,101320.17573715952,101424.6778549299,95216.41763197051,144099.04438774515,84569.78201482572,8884.992760662808,3698.3463022718083,2747.500347903667,9577.432632903285,5980.854067261372,3499.7350272492636,224.0,223.6,0.8,352.0,351.4,0.48989794855663565,24.6,14.48,5.8348607524087495,0
2026-05-16T16:10:12,14.6,7.58,4.024624206059492,1700.0,1700.0,0.0,87.3,87.68,0.2400000000000027,1994.52734375,1938.14140625,34.88781033975526,156543.48412130572,132628.87256142066,88676.36628008127,82285.67755094275,118861.0759404534,80314.41542869098,13687.167234589575,5829.271645793628,4782.736099441785,13498.034043762927,7744.246962735109,4483.559051382334,227.0,224.2,1.6,352.0,351.4,0.48989794855663565,48.5,22.3,14.113964715840833,0
2026-05-16T16:10:13,5.5,8.0,3.6595081636744573,1700.0,1700.0,0.0,87.0,87.5,0.3286335345031009,2036.56640625,1964.26796875,47.58770355910544,0.0,83992.58259867877,81066.1355638548,488593.19927387364,176860.07899232226,170749.19705452846,74.09034101954849,5698.434158119535,4927.254898406364,236.10122004896118,7674.309477016944,4595.993464647119,225.0,224.4,1.624807680927192,351.0,351.4,0.48989794855663565,14.9,23.46,13.189480656947792,0
2026-05-16T16:10:14,7.2,8.580000000000002,3.2319653463488742,1700.0,1700.0,0.0,87.0,87.32000000000001,0.3059411708155662,2045.6328125,1992.01171875,46.486850971349114,0.0,83992.58259867877,81066.1355638548,117423.65865689222,156703.79062273583,170627.27737853755,1081.4712635594026,5416.789446016627,5138.344552595974,1031.0553271411854,6878.695889509695,5281.673653031986,226.0,224.8,1.7204650534085253,351.0,351.4,0.48989794855663565,20.9,25.22,12.098165150137438,0
2026-05-16T16:10:15,8.1,8.38,3.2245309736456247,1700.0,1700.0,0.0,87.0,87.16,0.2059126028197396,2047.3515625,2017.31796875,33.458592628117174,0.0,71015.96885801907,87984.3276563425,115918.97733419028,179887.5860895739,154911.7297471488,1173.545187087915,4980.25335738385,5381.808311797472,3689.6972520742197,5606.464095186116,5128.247757607412,225.0,225.4,1.019803902718557,351.0,351.4,0.48989794855663565,18.5,25.48,11.935895441901291,0
2026-05-16T16:10:16,6.6,8.4,3.2130981933330327,1700.0,1700.0,0.0,87.0,87.06,0.11999999999999884,2045.25,2033.865625,20.023664984808054,0.0,31308.696824261144,62617.39364852228,46634.42861085484,170171.18828535074,161309.25289324927,731.6330405787561,3349.581413367039,5183.19656907769,1666.2224726577085,4024.222063137,4873.07067450244,225.0,225.6,0.8,351.0,351.2,0.4,12.1,22.979999999999997,13.109752095291505,0
2026-05-16T16:10:17,7.6,7.0,0.8966604708583956,1700.0,1700.0,0.0,87.0,87.0,0.0,2044.1953125,2043.79921875,3.756499575735368,0.0,0.0,0.0,28360.471564120428,159386.14708798626,168468.51703311704,1161.2441969962815,844.3968058483808,417.3782316229939,785.3729918356453,1481.689852751544,1195.7230993552691,224.0,225.0,0.6324555320336759,351.0,351.0,0.0,19.4,17.159999999999997,3.2097351915695467,0
2026-05-16T16:10:18,8.2,7.540000000000001,0.5919459434779495,1700.0,1700.0,0.0,87.0,87.0,0.0,2045.59375,2045.6046875,1.0163290828700613,0.0,0.0,0.0,0.0,61667.50723321155,47307.93581627519,1827.4336677042634,1195.0654711853235,354.7308272276577,4818.409291672855,2398.1514670763227,1583.1275862142263,223.0,224.6,1.019803902718557,351.0,351.0,0.0,26.2,19.42,4.5296357469447805,0
2026-05-16T16:10:19,4.7,7.039999999999999,1.3001538370516004,1700.0,1700.0,0.0,87.0,87.0,0.0,2043.81640625,2045.24140625,1.2411217912764443,64757.43431951296,12951.486863902592,25902.973727805183,234239.7819526133,85030.73189235576,83825.34724516697,4941.588272581243,1967.0888729896917,1527.913517947499,4615.508662512894,3115.042134150665,1613.0421386188102,223.0,224.0,0.8944271909999159,351.0,351.0,0.0,15.7,18.380000000000003,4.6653617223105,0
2026-05-16T16:10:20,5.4,6.5,1.3084341787036897,1700.0,1700.0,0.0,87.0,87.0,0.0,2045.125,2044.79609375,0.6739720181506055,0.0,12951.486863902592,25902.973727805183,67974.27582608735,75441.79159073517,82474.89837567478,1109.65468932512,1954.3107734371326,1534.7484478164224,2089.5194105238197,2795.0065658405847,1625.9692021684318,222.0,223.4,1.019803902718557,351.0,351.0,0.0,26.4,19.96,5.668368371939142,0
2026-05-16T16:10:21,3.5,5.88,1.7679366504487652,1700.0,1700.0,0.0,87.0,87.0,0.0,2043.47265625,2044.440625,0.798104902595439,72985.78565080061,27548.643994062713,33840.246089981694,191080.8415996655,104331.07418849731,92065.32114801524,749.3793367195104,1957.8600326652836,1531.9347200799348,2702.5172909435446,3002.2655294977517,1532.2205179978703,213.0,221.0,4.049691346263317,351.0,351.0,0.0,14.3,20.4,5.097842680977905,0
2026-05-16T16:10:22,5.7,5.499999999999999,1.5479018056711478,1700.0,1700.0,0.0,87.0,87.0,0.0,2040.90234375,2043.78203125,1.6416689387013677,0.0,27548.643994062713,33840.2460899817,0.0,98658.97987567323,97296.139799257,2638.1483162413647,2253.2408565143,1491.7148612637461,1530.5212516321624,3151.2951814570547,1332.5815614018472,215.0,219.2,4.308131845707603,351.0,351.0,0.0,21.1,20.74,5.076455456319891,0
2026-05-16T16:10:23,5.4,4.94,0.7914543574963752,1700.0,1700.0,0.0,87.0,87.0,0.0,2039.77734375,2042.61875,1.973041577465171,0.0,27548.643994062713,33840.2460899817,15689.170953117611,101796.81406629676,94269.67589281345,7226.784831038487,3333.111089181145,2443.3704362646035,16075.667036955123,5402.746730513509,5436.797147271679,213.0,217.2,4.3999999999999995,351.0,351.0,0.0,14.9,18.48,4.6391378509373915,0
2026-05-16T16:10:24,7.6,5.5200000000000005,1.3013838787997951,1700.0,1700.0,0.0,87.1,87.02000000000001,0.039999999999997725,2026.73828125,2039.203125,6.509791115780425,178534.93454361046,50304.14403888221,70070.12661917038,419962.85739235644,138941.42915424536,155707.2497976542,553.7610329916007,2455.5456412632166,2495.48703673189,573.5735923115149,4594.359716473233,5783.20910401111,212.0,215.0,3.63318042491699,351.0,351.0,0.0,18.2,18.98,4.443152034310777,0
2026-05-16T16:10:25,16.8,7.8,4.684015371452148,1700.0,1700.0,0.0,86.7,86.96000000000001,0.1356465996625031,2080.3359375,2046.2453125,18.004246935510626,0.0,50304.14403888221,70070.12661917038,72917.60107395076,139930.09420381807,155268.58016206507,3468.4519716572445,2927.3050977296416,2418.2245391319857,695.2728075491996,4315.510395878309,5929.0371351617905,214.0,213.4,1.019803902718557,349.0,350.6,0.8,32.4,20.18,6.5810029630748526,0
2026-05-16T16:10:26,8.5,8.8,4.164132562731403,1700.0,1700.0,0.0,86.7,86.9,0.1673320053068124,2082.921875,2054.13515625,23.008689578995543,0.0,35706.986908722094,71413.97381744419,32444.704739592056,108202.86683180337,157762.6604322221,2965.45076584101,3370.5193835539417,2168.637801202907,6535.873290589819,5082.181595807562,5918.72871036133,214.0,213.6,1.019803902718557,349.0,350.2,0.9797958971132712,19.4,21.2,5.956173268131141,0
2026-05-16T16:10:27,5.2,8.7,4.242640687119286,1700.0,1700.0,0.0,86.9,86.88,0.15999999999999728,2062.96484375,2058.54765625,22.14725379883651,0.0,35706.986908722094,71413.97381744419,103360.18572668526,128874.9039771404,148744.21716775215,0.0,2842.8897203056686,2566.9833576012816,0.0,4776.0773454811315,6130.294075267759,214.0,213.4,0.8,350.0,350.0,0.8944271909999159,12.1,19.4,6.985413373595009,0
2026-05-16T16:10:28,6.8,8.98,4.057782645731534,1700.0,1700.0,0.0,86.7,86.82,0.15999999999999728,2085.26953125,2067.64609375,21.910410318436885,0.0,35706.986908722094,71413.97381744419,79193.23478363718,141575.71674324435,141049.57679717173,1654.8165671811205,1728.496067534195,1336.46048947144,3935.2707939735574,2347.998096884818,2508.0235852315063,214.0,213.6,0.8,350.0,349.8,0.7483314773547883,26.2,21.66,6.991881005852431,0
2026-05-16T16:10:29,4.6,8.379999999999999,4.422849760052901,1700.0,1700.0,0.0,86.7,86.74,0.08000000000000114,2081.359375,2078.5703125,7.978002058517102,0.0,0.0,0.0,124609.86453222857,82505.11817121875,31037.646681012324,508.52285290877074,1719.4484315176292,1344.5115205178026,478.8425307545623,2329.0518845734273,2521.6770980261635,214.0,214.0,0.0,350.0,349.6,0.48989794855663565,16.4,21.3,7.203887839215711,0
2026-05-16T16:10:30,6.2,6.26,1.3558761005342634,1700.0,1700.0,0.0,86.8,86.76,0.08000000000000042,2073.81640625,2077.26640625,8.114479893101398,0.0,0.0,0.0,0.0,67921.59795642861,45756.871152991174,694.4000744983701,1164.6380520858543,1047.968903088855,674.5883747979888,2324.914998023186,2524.3694974013983,214.0,214.0,0.0,350.0,349.8,0.4,20.6,18.939999999999998,4.667161878486754,0
2026-05-16T16:10:31,3.6,5.28,1.1356055653262713,1700.0,1700.0,0.0,86.8,86.78,0.07483314773547912,2071.015625,2074.88515625,7.848058375399094,0.0,0.0,0.0,14692.913360648481,64371.2396806399,48949.18585758723,1315.1186595030867,834.5716308182695,587.5700605290897,3303.1347520100103,1678.3672903072238,1612.2550201902593,213.0,213.8,0.4,350.0,350.0,0.0,12.1,17.479999999999997,5.381969899581379,0
2026-05-16T16:10:32,11.9,6.62,2.8736040089058896,1700.0,1700.0,0.0,86.8,86.76,0.04898979485566078,2071.75390625,2076.64296875,5.660767683935137,0.0,0.0,0.0,10648.161261204217,45828.83478754369,48222.487131181646,1911.3607918642244,1216.8437891911144,540.0922060528198,1934.1386665859225,2065.1950236244083,1378.198462492046,213.0,213.6,0.4898979485566356,350.0,350.0,0.0,22.7,19.6,4.912433205652775,0
2026-05-16T16:10:33,9.7,7.2,3.132411211830273,1700.0,1700.0,0.0,86.9,86.8,0.06324555320336848,2055.171875,2070.6234375,8.551467216374881,0.0,0.0,0.0,44637.46572989475,38917.68097679521,45335.32235186594,3850.892873137893,1656.059050382469,1203.3571497488715,10739.305053978585,3426.001875625414,3794.237209233412,213.0,213.4,0.4898979485566356,351.0,350.2,0.4,22.4,18.839999999999996,4.050975191234822,0
2026-05-16T16:10:38,9.5,8.180000000000001,2.9253375873563723,1700.0,1700.0,0.0,86.9,86.83999999999999,0.04898979485566774,2054.2890625,2065.209375,8.609634680180795,6879.346841633201,1375.8693683266401,2751.7387366532803,151990.56928233354,44393.8219268162,55801.154849114304,1265.3144352576692,1807.4173668522485,1091.937496303927,1332.7054977626817,3596.7744690270383,3675.091975118032,211.0,212.8,0.9797958971132712,351.0,350.4,0.48989794855663565,21.3,19.82,3.9331412382471087,1
2026-05-16T16:10:39,11.2,9.180000000000001,2.932166434566769,1700.0,1700.0,0.0,86.9,86.85999999999999,0.04898979485566774,2051.51953125,2060.75,8.769603806771112,0.0,1375.8693683266401,2751.7387366532803,178668.3774212983,80127.49741107586,71053.7985224902,12871.122637488796,4242.761879450334,4415.289114574414,5675.263177355079,4596.909429538456,3414.999243719989,212.0,212.4,0.8,351.0,350.6,0.48989794855663565,31.6,22.02,6.185596171752566,1
2026-05-16T16:10:40,10.1,10.48,0.9217374897442332,1700.0,1700.0,0.0,86.9,86.88,0.040000000000003415,2052.00390625,2056.94765625,7.527971359084938,0.0,1375.8693683266401,2751.7387366532803,129612.22791271997,103111.36032149017,64449.942457565405,451.35072098966805,4070.00829174765,4541.54983602014,730.010731339811,4082.284625404416,3748.7586839861274,211.0,212.0,0.8944271909999159,351.0,350.8,0.4,21.5,23.9,3.8858718455450902,1
2026-05-16T16:10:41,11.9,10.48,0.9217374897442331,1700.0,1700.0,0.0,86.7,86.86,0.08000000000000114,2086.6796875,2059.9328125,13.44295070228201,56652.022456499966,12706.273859626634,22133.820657085435,141630.05614124992,129307.7392974993,45325.42510299734,6138.397391717625,4915.41561171833,4453.6115978404405,6362.287678220211,4967.9144277312735,3658.6374644236234,210.0,211.4,1.019803902718557,351.0,351.0,0.0,37.3,26.820000000000004,6.49596798021665,1
2026-05-16T16:10:42,10.0,10.54,0.8777243302996677,1700.0,1700.0,0.0,86.7,86.82000000000001,0.09797958971132852,2086.1875,2066.1359375,16.60007776448982,0.0,12706.273859626634,22133.820657085435,215174.11951868612,163415.0700552576,30526.712148601655,13793.052750835228,6903.847587257798,5605.054954739129,12139.745004945984,5248.002417924754,4114.902140676107,214.0,211.6,1.3564659966250536,351.0,351.0,0.0,22.6,26.860000000000003,6.469188511706857,1
2026-05-16T16:10:43,10.1,10.66,0.7605261336732618,1700.0,1700.0,0.0,86.8,86.8,0.08944271909999287,2071.578125,2069.59375,15.538980211257732,0.0,11330.404491299993,22660.808982599985,3908.6460854719,133798.68541588524,71533.94948861715,2085.0565665908453,7067.796013524431,5447.504026441977,8532.032385303773,6687.867795432971,3735.0057419924387,214.0,212.2,1.6,351.0,351.0,0.0,29.9,28.580000000000002,5.87857125499045,1
2026-05-16T16:10:45,9.5,10.32,0.8207313811473279,1700.0,1700.0,0.0,86.8,86.78,0.07483314773547912,2070.859375,2073.46171875,12.707620091836137,0.0,11330.404491299993,22660.808982599985,97052.26850752365,117475.4636331303,68688.13827044319,50.856276371129965,4503.742741300899,5119.833943536336,61.02753164535596,5565.020666291027,4611.660326946791,214.0,212.6,1.7435595774162693,351.0,351.0,0.0,25.4,27.340000000000003,5.763540578498601,1
2026-05-16T16:10:46,10.2,10.34,0.8163332652783422,1700.0,1700.0,0.0,86.8,86.76,0.04898979485566078,2072.44921875,2077.55078125,7.271909244655079,0.0,11330.404491299993,22660.808982599985,252091.7265780108,141971.36336618848,87822.88241535267,429.98912136042935,4499.470421375052,5123.2215305028985,419.1770157943064,5502.853923181926,4678.03627904298,214.0,213.2,1.6,351.0,351.0,0.0,26.0,28.24,5.0937608895589115,1
2026-05-16T16:10:47,10.2,10.0,0.2607680962081057,1700.0,1700.0,0.0,86.8,86.78,0.039999999999997725,2069.578125,2074.13046875,6.101425254538381,0.0,0.0,0.0,10100.615545884411,115665.47524711536,102463.7226242564,4837.247913771206,4239.240525785768,5066.091358838753,3174.1973463531285,4865.235856808509,4734.371092782892,217.0,214.6,1.2,351.0,351.0,0.0,24.6,25.7,2.3933240482642533,1
2026-05-16T16:10:49,13.1,10.620000000000001,1.2671227249165724,1700.0,1700.0,0.0,86.8,86.8,0.0,2071.734375,2071.23984375,0.9723835586620385,0.0,0.0,0.0,118416.00798450576,96313.85294027932,90252.13680145644,1124.2839299744198,1705.486761613606,1711.9868080978042,1368.4141547688653,2710.969686773086,3104.0719461254616,213.0,214.4,1.3564659966250536,351.0,351.0,0.0,20.8,25.34,2.911769221624543,1
2026-05-16T16:10:50,9.5,10.5,1.3371611720357421,1700.0,1700.0,0.0,86.8,86.8,0.0,2075.0625,2071.93671875,1.8329070734338253,0.0,0.0,0.0,11713.591863815192,97874.84209594797,88694.46371758456,1760.9211253604751,1640.659673367532,1702.4970561199677,1101.6156174007067,1224.8863331924726,1080.679799482586,212.0,214.0,1.6733200530681511,351.0,351.0,0.0,23.2,24.0,1.8547236990991405,1
2026-05-16T16:10:52,15.2,11.64,2.1694238866574693,1700.0,1700.0,0.0,86.8,86.8,0.0,2074.91796875,2072.7484375,2.06060607882957,0.0,0.0,0.0,60195.78236365421,90503.54486717407,89978.76890864462,2311.6139987936576,2092.8112178520378,1509.5019642447562,508.87572488213834,1314.455971839829,995.7243017508175,211.0,213.4,2.0591260281974,351.0,351.0,0.0,38.0,26.520000000000003,5.99146058987289,1
2026-05-16T16:10:53,9.4,11.48,2.2955609336282055,1700.0,1700.0,0.0,86.8,86.8,0.0,2074.37890625,2073.134375,2.1473073732184047,0.0,0.0,0.0,38984.118148341586,47882.02318124023,39853.317498738994,1906.536873397971,2388.120768259546,1282.7051924979105,1863.5662914352645,1603.3338269680205,898.8971112999178,209.0,212.4,2.6532998322843198,351.0,351.0,0.0,22.4,25.8,6.2225396744416175,1
2026-05-16T16:10:54,10.0,11.44,2.319137770810522,1700.0,1700.0,0.0,86.8,86.8,0.0,2075.953125,2074.409375,1.4300319769425176,0.0,0.0,0.0,104378.40731208085,66737.58153447953,39820.047290692644,50.03936430089103,1430.6790583654831,788.8714460210049,211.27731593709544,1010.7498208848141,592.3698499345151,208.0,210.6,1.8547236990991407,351.0,351.0,0.0,19.7,24.82,6.701760962612737,1
2026-05-16T16:10:56,9.7,10.76,2.2294393914165953,1700.0,1700.0,0.0,86.8,86.8,0.0,2073.87109375,2074.83671875,0.6994234162754168,0.0,0.0,0.0,55758.76038608392,54206.13201479515,30307.98392932361,1154.9732600168054,1436.81692437396,786.5797019097266,2379.5857031263495,1212.984130556311,811.887247380436,208.0,209.6,1.624807680927192,351.0,351.0,0.0,20.9,24.839999999999996,6.689872943487044,1
2026-05-16T16:10:57,9.3,10.719999999999999,2.253353057112888,1700.0,1700.0,0.0,86.7,86.78,0.039999999999997725,2090.59765625,2077.94375,6.364494062214902,0.0,0.0,0.0,331120.3092486201,118087.47549175614,108687.24378858537,86.9671502935614,1102.0261293605774,921.972302690412,104.36058035227367,1013.5331231466241,928.8212121668761,208.0,208.8,1.1661903789690602,349.0,350.6,0.8,23.5,24.9,6.676226479082327,1
2026-05-16T16:10:58,15.0,10.68,2.1738445206591934,1700.0,1700.0,0.0,86.6,86.73999999999998,0.08000000000000042,2096.71875,2082.30390625,9.495518769871627,0.0,0.0,0.0,54076.55544100461,116863.6301072262,109364.5697442057,694.811113943693,778.6655523905844,697.1478431223586,698.3026270790884,1051.4185035860144,911.1595784085731,208.0,208.2,0.4,349.0,350.2,0.9797958971132712,30.1,23.32,3.6278919498794346,1
2026-05-16T16:10:59,18.0,12.4,3.48654556832404,1700.0,1700.0,0.0,86.7,86.72,0.07483314773547914,2081.48046875,2083.72421875,8.701843136635443,39087.7106857362,7817.54213714724,15635.08427429448,198069.45703252865,148680.69788406361,105138.56049115847,1164.2335702294474,630.2048917568796,489.1710777838458,2636.042087448894,1205.91366278874,1084.72696922028,208.0,208.0,0.0,349.0,349.8,0.9797958971132712,23.0,23.439999999999998,3.605329388558001,1
2026-05-16T16:11:00,9.7,12.34,3.5296458745885544,1700.0,1700.0,0.0,86.8,86.72,0.07483314773547912,2078.4609375,2084.22578125,8.302587266766043,0.0,7817.54213714724,15635.08427429448,1395693.171755,406943.65077264747,504945.39058731863,106.52076549528891,641.5011719957591,476.1211425288632,127.8249185943467,1189.2231833201904,1100.4311887732808,208.0,208.0,0.0,349.0,349.4,0.8,22.7,24.04,3.154425462742781,1
2026-05-16T16:11:01,10.5,12.5,3.422864297631444,1700.0,1700.0,0.0,86.7,86.7,0.06324555320336848,2080.81640625,2085.61484375,6.919849537883979,72485.87480009526,22314.717097166293,29299.550087173942,2180616.733569532,831915.2454093371,823945.4270203855,1774.5904407304138,765.424608138481,644.5012532854836,1822.7649180688018,1077.859026308681,997.7120155535334,208.0,208.0,0.0,349.0,349.0,0.0,25.8,25.02,2.763620813353381,1
2026-05-16T16:11:02,11.1,12.86,3.1512537187602017,1700.0,1700.0,0.0,86.6,86.67999999999999,0.07483314773548065,2104.40625,2088.3765625,10.291498086349145,0.0,22314.717097166293,29299.550087173942,1973232.6204093026,1160337.7076414735,883960.8076649696,10107.234633455211,2769.4781047708107,3709.578608618888,5278.64193152013,2112.7152965422524,1806.7311156964106,208.0,208.0,0.0,347.0,348.6,0.8,19.4,24.2,3.580502757993632,1
2026-05-16T16:11:04,11.1,12.080000000000002,3.0042636369000646,1700.0,1700.0,0.0,86.6,86.67999999999999,0.07483314773548065,2108.46875,2090.7265625,12.931094853543073,58212.12321491831,33957.14174014995,29682.53724186179,4646964.648515901,2078915.3262564528,1457447.2908685342,1540.219446634954,2938.5597713090633,3629.5663086267427,3332.7009018306503,2639.5949514925646,1698.3037093345915,206.0,207.6,0.8,347.0,348.2,0.9797958971132712,20.8,22.34,2.1703455946000862,1
2026-05-16T16:11:05,10.8,10.64,0.5200000000000002,1700.0,1700.0,0.0,86.6,86.66000000000001,0.08000000000000183,2107.96484375,2096.0234375,13.471820497236653,2881.367974456357,26715.87319789399,31882.49115893671,5208432.784826673,3080987.9918152816,1539890.4657616643,2785.6975534294857,3262.852567949071,3527.5504884734464,6502.774793914688,3412.941492785723,2295.8658041401904,208.0,207.6,0.8,347.0,347.8,0.9797958971132712,26.4,23.02,2.7308606701917255,1
2026-05-16T16:11:06,10.8,10.86,0.22449944320643628,1700.0,1700.0,0.0,86.6,86.62,0.040000000000003415,2103.46875,2101.025,10.289439948942343,0.0,26715.87319789399,31882.49115893671,599308.2691029127,2921711.011284864,1734818.8992332118,1146.1380471938842,3470.77602428879,3362.1407269880806,4390.277725456857,4265.432054158226,1605.272149675582,208.0,207.6,0.8,347.0,347.4,0.8,22.8,23.04,2.7288092641296866,1
2026-05-16T16:11:07,10.7,10.9,0.16733200530681494,1700.0,1700.0,0.0,86.6,86.6,0.0,2103.29296875,2105.5203125,2.2396482245928433,0.0,12218.698237874934,23023.773094138218,7932.10766535668,2487174.086104029,2099750.372766786,1285.8690160636806,3373.0317393554433,3416.692983424,2503.9587918227994,4401.670828909026,1409.1028117269248,208.0,207.6,0.8,347.0,347.0,0.0,22.7,22.419999999999998,2.358304475677388,1
2026-05-16T16:11:08,12.6,11.200000000000001,0.7127411872482183,1700.0,1700.0,0.0,86.5,86.58,0.039999999999997725,2118.86328125,2108.41171875,5.658138389019561,0.0,12218.698237874934,23023.773094138218,393591.3500258881,2171245.832027346,2265597.3902569525,6753.139070855873,2702.2126268355755,2106.8744746588727,6336.703241021953,4613.283090809389,1592.433800461628,210.0,208.0,1.2649110640673518,347.0,347.0,0.0,29.0,24.34,2.9513386793114744,1
2026-05-16T16:11:09,11.7,11.319999999999999,0.7359347797189637,1700.0,1700.0,0.0,86.5,86.55999999999999,0.04898979485566078,2115.390625,2109.79609375,6.31176772903078,0.0,576.2735948912714,1152.5471897825428,369111.0523637176,1315675.1127969096,1955666.5104987058,3887.642592600501,3171.697256028685,2056.5766325378313,6937.992298057971,5334.3413700548535,1663.970191407161,210.0,208.8,0.9797958971132712,347.0,347.0,0.0,22.7,24.720000000000002,2.568579373895228,1
2026-05-16T16:11:11,13.0,11.76,0.9264987857520375,1700.0,1700.0,0.0,86.6,86.55999999999999,0.04898979485566078,2105.96484375,2109.39609375,6.476373357461287,56164.25301506601,11232.850603013201,22465.701206026402,105307.97440324877,295050.1507122248,212700.37697934572,11871.14307807456,4988.7863609577,4004.2436237459215,23864.836940163317,8806.753799304579,7688.559982249401,209.0,209.0,0.8944271909999159,347.0,347.0,0.0,20.3,23.5,2.9072323608545636,1
2026-05-16T16:11:12,20.0,13.6,3.296664981462327,1700.0,1700.0,0.0,86.8,86.60000000000001,0.10954451150103219,2071.85546875,2103.0734375,16.637321121549665,1313463.111033083,273925.4728096298,520223.78724767076,31313797.83435047,6437948.063761736,12438813.193063894,3901.6943370026097,5539.8976189194445,3607.41014866797,7796.574975097553,9488.01324923272,7413.020992262999,209.0,209.2,0.7483314773547883,349.0,347.4,0.8,30.3,25.0,3.9181628347989825,1
2026-05-16T16:11:13,20.3,15.52,3.804944152021157,1700.0,1700.0,0.0,86.9,86.66000000000001,0.16248076809272083,2057.76171875,2093.9671875,24.58652878022714,2346844.0737085897,743294.2875513477,945894.8021984523,327143.2756520076,6501790.297359066,12406424.296053067,8402.21498989043,6963.166813684795,3001.1552868177478,7262.484876718031,10439.718466211763,6729.214618829367,210.0,209.6,0.4898979485566356,353.0,348.6,2.33238075793812,29.8,26.419999999999998,4.109209169657832,1
2026-05-16T16:11:15,16.7,16.34,3.5182950416359344,1700.0,1700.0,0.0,87.0,86.75999999999999,0.1854723699099158,2036.4765625,2077.48984375,29.49687841419225,18080439.48267779,4359382.184086906,6915450.001637854,1153494.4309991503,6653770.9135537185,12335116.560648343,21528.41910599076,9918.222820711771,6534.146431484465,12059.741868212624,11584.3261916499,6413.279264004681,213.0,210.2,1.469693845669907,354.0,350.0,2.9664793948382653,28.7,26.359999999999996,4.073131473448899,1
2026-05-16T16:11:16,19.3,17.86,2.741240595059106,1700.0,1700.0,0.0,87.3,86.91999999999999,0.23151673805580536,1996.53125,2053.71796875,36.44898807497203,22998283.908238098,8959038.965734527,9609760.40842447,73219.93075533985,6594592.689232042,12365797.137096273,795.0097847484346,9299.69625914136,7189.264087727618,2371.8575944979925,10671.099250937903,7276.839923581115,213.0,210.8,1.8330302779823362,354.0,351.4,2.870540018881465,41.4,30.1,6.720416653749974,1
2026-05-16T16:11:17,20.0,19.259999999999998,1.3215142829345436,1700.0,1700.0,0.0,87.4,87.08,0.23151673805580533,1981.1640625,2028.7578125,34.81933377649079,4167631.5576808522,9781332.426667683,8967196.325013936,4629105.894079736,7499352.27316734,12018519.600077918,1143.4164368391446,7154.150930894275,7685.353975383674,2427.7017786968718,6383.672218644615,3653.2377763892273,213.0,211.6,1.7435595774162693,354.0,352.8,1.9390719429665317,45.7,35.17999999999999,6.987245523094204,1
2026-05-16T16:11:18,16.3,18.52,1.6857046004564384,1700.0,1700.0,0.0,87.4,87.2,0.2097617696340306,1974.91796875,2009.3703125,32.32297957405725,469309.63896668877,9612501.732254405,9131478.393905701,435581.0201497809,1323708.9103272029,1691168.7728154466,1037.079741524342,6581.228011798623,8006.52498053023,4248.074367732195,5673.972097171543,3654.4997995271938,213.0,212.4,1.2,354.0,353.8,0.4,42.6,37.64,7.001314162355523,1
2026-05-16T16:11:20,17.3,17.919999999999998,1.4647866738880444,1700.0,1700.0,0.0,87.3,87.28,0.14696938456699238,1990.4296875,1995.90390625,21.60635847528454,0.0,9143132.917512685,9543881.403412152,779192.9998761949,1414118.8551720404,1646981.7128684216,6552.984916434777,6211.381997107492,7956.41986127447,11207.55700155235,6462.986522138407,4283.954111633344,214.0,213.2,0.4,354.0,354.0,0.0,27.5,37.18,7.554971872879476,1
2026-05-16T16:11:21,20.1,18.6,1.528397853963424,1700.0,1700.0,0.0,87.5,87.38000000000001,0.07483314773548065,1962.22265625,1981.053125,11.997760461999382,1021159.7996282942,5731276.980902786,8755747.315209296,4371256.563067481,2057671.2815857069,2008416.4666663168,235.84559322489432,1952.8672945543185,2321.368441429566,1191.6877333137113,4289.375695158625,3594.4767222597748,213.0,213.2,0.4,356.0,354.4,0.8,47.2,40.879999999999995,7.006111617723487,1
2026-05-16T16:11:22,18.9,18.52,1.499866660740214,1700.0,1700.0,0.0,87.5,87.42,0.07483314773547912,1960.28515625,1973.80390625,11.390448547587331,301239.71811790037,1191868.142878747,1524478.1856036412,527623.1809805996,2148551.931630759,1925117.5071393352,2273.6878667713795,2248.602910958907,2248.054770543567,4093.701459268813,4633.744468112788,3474.7597907089057,214.0,213.4,0.4898979485566356,357.0,355.0,1.2649110640673518,26.8,37.96,8.952898971841467,1
2026-05-16T16:11:23,15.4,17.6,1.7064583206161232,1700.0,1700.0,0.0,87.5,87.44,0.08000000000000042,1957.12890625,1968.996875,12.30493858870799,265484.4834516161,411438.7280328999,339952.0900664129,1145907.4579284717,1451912.2444005057,1480270.2991261375,1384.6957921504302,2296.8587820211646,2226.2976655743614,1861.9739162533444,4520.598895624083,3553.079116974397,212.0,213.2,0.7483314773547882,358.0,355.8,1.6,27.7,34.36,8.73306360906641,1
2026-05-16T16:11:24,14.5,17.240000000000002,2.0895932618574364,1700.0,1700.0,0.0,87.7,87.5,0.12649110640673697,1929.64453125,1959.9421875,19.290766429398126,1479137.0958952343,613404.2194186089,549639.4420986987,338777.8927629541,1432551.6189231402,1494005.7262734387,1976.5436952566183,2484.75157276762,2150.3974748204428,4186.841723571721,4508.352366791988,3554.102710998919,213.0,213.2,0.7483314773547882,360.0,357.0,2.0,22.1,30.259999999999998,8.714264168591633,1
2026-05-16T16:11:26,11.6,16.1,3.070504844484047,1700.0,1700.0,0.0,87.6,87.55999999999999,0.08000000000000042,1948.75,1951.60625,11.908034950684298,0.0,613404.2194186089,549639.4420986987,254257.7658417407,1327564.5721162497,1553489.8177863571,4743.411659097356,2122.836921300136,1484.3960570474665,5745.690152018661,3415.97899688525,1663.9407778882783,215.0,213.4,1.019803902718557,358.0,357.8,1.32664991614216,21.1,28.98,9.463487729162013,1
2026-05-16T16:11:27,9.9,14.059999999999999,3.1232034836046143,1700.0,1700.0,0.0,87.7,87.6,0.08944271909999287,1928.0859375,1944.77890625,13.538392718213567,0.0,409172.25949295016,549902.580005928,302779.6890365718,513869.1973100676,329325.18146432017,140.9423682689771,2103.8562763089526,1508.8092453038807,794.4024393342347,3336.521938089355,1774.09805042084,215.0,213.8,1.1661903789690602,359.0,358.4,1.0198039027185568,26.2,24.779999999999998,2.6588719412562907,1
2026-05-16T16:11:28,9.4,12.16,2.408817137102773,1700.0,1700.0,0.0,87.7,87.63999999999999,0.08000000000000185,1933.60546875,1939.44296875,11.475897859838815,0.0,348924.31586937007,574384.4824475013,146400.41603208118,437624.64432036394,360014.81902184465,710.0535191849258,1791.1294067916613,1600.4611570187792,387.37452958907653,2595.256552153408,2054.9402526775143,215.0,214.0,1.2649110640673518,359.0,358.8,0.7483314773547883,24.7,24.360000000000003,2.4654411369975953,1
2026-05-16T16:11:30,9.4,10.959999999999999,1.9458674158328462,1700.0,1700.0,0.0,87.7,87.67999999999999,0.040000000000003415,1931.25,1934.2671875,7.468198610007343,0.0,295827.4191790469,591654.8383580938,364232.78019505396,281289.7087736804,76905.28054938701,1404.2262415807957,1795.0354966777347,1599.4879845799596,2844.795342938187,2791.820837490376,2022.1412316163903,217.0,215.0,1.2649110640673518,359.0,359.0,0.6324555320336759,25.3,23.880000000000003,1.9477166118303753,1
2026-05-16T16:11:31,11.6,10.379999999999999,1.0127191120937726,1700.0,1700.0,0.0,87.7,87.67999999999999,0.040000000000003415,1932.5078125,1934.83984375,7.196620402302997,0.0,0.0,0.0,99408.70266958521,233415.87075500656,97865.6202471142,5420.8808174508185,2483.902921116575,2169.4665927750084,3567.6463116281802,2667.9817551016677,1950.6110378596159,217.0,215.8,0.9797958971132712,359.0,358.8,0.4,19.4,23.339999999999996,2.623432865540874,1
2026-05-16T16:11:32,11.5,10.360000000000001,0.9891410415102588,1700.0,1700.0,0.0,87.7,87.7,0.0,1937.5859375,1932.60703125,3.100904763381568,502968.78808040125,100593.75761608026,201187.5152321605,657932.7632812291,314150.8702429043,197523.6213061727,1093.0494679344108,1753.8304828839857,1881.3288522593214,921.8281114067103,1703.2093469792776,1260.734046392281,217.0,216.2,0.9797958971132712,358.0,358.8,0.4,28.4,24.8,2.9779187362988937,1
2026-05-16T16:11:33,10.3,10.440000000000001,0.9645724441429993,1700.0,1700.0,0.0,87.7,87.7,0.0,1936.4453125,1934.27890625,2.383037386928707,0.0,100593.75761608026,201187.5152321605,213332.48868922796,296261.4301734355,201748.74811834714,78.24252581132424,1741.290514392455,1892.215206010596,125.37657750489306,1569.4041746134094,1379.953536243002,217.0,216.6,0.8,358.0,358.6,0.48989794855663565,25.0,24.560000000000002,2.9028262090590267,1
2026-05-16T16:11:34,16.6,11.879999999999999,2.495916665275506,1700.0,1700.0,0.0,87.6,87.67999999999999,0.04000000000000341,1939.67578125,1935.49296875,3.1526921469495717,160660.2445707187,132725.80653022398,195299.06163271677,105767.99434238981,288134.9458354972,208332.43320873933,1200.2449911777323,1839.3288087910164,1848.4379844264051,2029.826088021165,1897.8944862998273,1248.7292455306988,216.0,216.8,0.4,357.0,358.2,0.7483314773547882,34.0,26.419999999999998,4.773426442294885,1
2026-05-16T16:11:36,12.8,12.560000000000002,2.1694238866574698,1700.0,1700.0,0.0,87.7,87.68,0.040000000000003415,1931.0703125,1935.45703125,3.2014992063045633,626194.342635805,257964.67505738503,260069.14574026948,133840.23545975468,242056.43688843734,211854.59445344465,2263.5938368204265,2011.2023278389424,1839.9238543275662,8598.180812029988,3048.5715801181877,3005.7794458839167,217.0,216.8,0.4,357.0,357.8,0.7483314773547882,28.3,27.02,4.783471542718741,1
2026-05-16T16:11:37,9.9,12.22,2.412799204243901,1700.0,1700.0,0.0,87.7,87.67999999999999,0.04000000000000341,1931.9453125,1935.34453125,3.3111623920790643,0.0,257964.67505738503,260069.14574026945,86716.71071696402,239518.0384979131,213617.26665814186,223.49667710557736,971.7254997698943,786.6412980892461,329.13377839376045,2400.869073471303,3168.6546382167767,216.0,216.6,0.4898979485566356,357.0,357.4,0.48989794855663565,20.8,27.3,4.350632137977192,1
2026-05-16T16:11:38,11.3,12.180000000000001,2.4260255563369486,1700.0,1700.0,0.0,87.9,87.72,0.09797958971133025,1902.49609375,1928.3265625,13.285747997516573,0.0,157370.91744130474,242529.60258616734,130498.37751090988,134031.16134384926,43217.31453970445,1356.7678587917342,1024.469177941359,801.7045957648382,2705.7649967427365,2757.6564505385086,3081.258647885749,215.0,216.2,0.7483314773547882,357.0,357.2,0.4,28.0,27.22,4.333312820464269,2
2026-05-16T16:11:39,8.6,11.840000000000002,2.7615937427507333,1700.0,1700.0,0.0,88.2,87.82,0.21354156504062818,1850.625,1911.1625,32.805941550661075,0.0,157370.91744130474,242529.60258616734,228636.99332322725,137092.06227064913,48894.577886452236,0.0,1008.8206727790941,820.5631158093662,0.0,2732.58113503753,3103.0115110271495,215.0,215.8,0.7483314773547882,357.0,357.0,0.0,15.4,25.3,6.484442921331022,2
2026-05-16T16:11:40,3.6,9.24,3.148714023216463,1700.0,1700.0,0.0,88.9,88.08,0.4489988864128738,1747.52734375,1872.7328125,69.22485355955473,0.0,125238.868527161,250477.73705432197,121473.18262987191,140233.09992814553,47258.48138758068,1333.55569146889,1035.4828128373258,828.4774407623337,1723.0449000965718,2671.224897452611,3119.2908810155513,214.0,215.4,1.019803902718557,357.0,357.0,0.0,7.8,20.06,7.791174494259514,2
2026-05-16T16:11:41,6.1,7.900000000000001,2.748817927764587,1700.0,1700.0,0.0,89.5,88.44000000000001,0.6681317235396016,1653.6015625,1817.2390625,103.12891071538473,194502.4333620093,38900.48667240186,77800.97334480372,558181.4624086829,225101.3453179312,173085.92659234235,14602.917576378475,3503.3475607489354,5577.582301590043,15743.56956239327,4100.302647525268,5902.473219741518,215.0,215.0,0.6324555320336759,357.0,357.0,0.0,19.7,18.34,6.647586028025511,2
2026-05-16T16:11:42,5.0,6.92,2.7345200675804158,1700.0,1700.0,0.0,90.1,88.92,0.8109253973085281,1556.9296875,1742.2359375,126.21724466308793,16219.48415042731,42144.38350248732,76437.5862332468,393829.34952756314,286523.87308005104,167480.6780790722,318.76671731186485,3522.401568790193,5566.4969183210815,450.43123098415685,4124.562138043347,5887.1530411941085,213.0,214.4,0.8,357.0,357.0,0.0,19.7,18.119999999999997,6.580395124914612,2
2026-05-16T16:11:43,3.3,5.319999999999999,1.9239542614105978,1700.0,1700.0,0.0,90.6,89.46000000000001,0.8499411744350271,1468.1328125,1655.36328125,135.18052943049665,64899.58814755271,55124.30113199786,73638.00909192873,446691.6965468277,349762.5368872346,155924.99546578643,1299.2593330320612,3510.899863638258,5571.017327146155,609.0278123587786,3705.2147011665547,6045.8182168343965,212.0,213.8,1.16619037896906,357.0,357.0,0.0,18.3,16.18,4.47455025672972,2
2026-05-16T16:11:44,6.9,4.9799999999999995,1.3905394636614958,1700.0,1700.0,0.0,91.0,90.02000000000001,0.7520638270785239,1412.9453125,1567.82734375,121.40470228059472,64903.79163777837,68105.05945955354,68304.07211958058,44621.35675097263,312959.4095727836,196586.0690210187,441.697556616961,3599.2393749616504,5517.893364309225,6055.019868063003,4916.218674779155,5783.077118198202,211.0,213.0,1.4142135623730951,357.0,357.0,0.0,14.7,16.04,4.507593593038307,2
2026-05-16T16:11:45,4.3,5.119999999999999,1.2749901960407384,1700.0,1700.0,0.0,91.0,90.44,0.574804314527997,1413.30078125,1500.98203125,92.6718923742818,0.0,68105.05945955354,68304.07211958058,751687.8412528688,439002.3412973831,232211.95969745328,639.9585988230554,3460.519956432483,5581.46111107892,673.6406303400584,4706.337820827854,5912.744956764118,211.0,212.4,1.4966629547095764,357.0,357.0,0.0,18.3,18.14,1.8304097901836083,2
2026-05-16T16:11:46,8.6,5.62,1.8988417522268675,1700.0,1700.0,0.0,90.9,90.72,0.34292856398964794,1434.15625,1457.09296875,53.81842224779716,0.0,29204.57278715168,29742.20912571181,312516.13756594365,389869.27632883517,227744.0570430631,3353.64448170504,1210.6653374977966,1123.6288788423926,7226.658684028118,3002.955645154823,2994.2192028359577,213.0,212.0,0.8944271909999159,357.0,357.0,0.0,15.4,17.28,1.9041008376659048,2
2026-05-16T16:11:47,9.2,6.459999999999999,2.3208619088605853,1700.0,1700.0,0.0,90.9,90.88,0.14696938456699316,1428.73828125,1431.4546875,20.159977338263477,0.0,25960.675957066218,31795.204764061935,247457.05234907652,360594.8168931379,234656.07474558597,776.4725643637776,1302.2065069081789,1064.3167361185485,4723.211300319968,3857.5116590219855,2742.9659824053847,215.0,212.4,1.4966629547095764,357.0,357.0,0.0,21.7,17.68,2.490301186603741,2
2026-05-16T16:11:48,6.5,7.1,1.7262676501632068,1700.0,1700.0,0.0,90.4,90.83999999999999,0.2244994432064349,1499.1875,1437.665625,31.88006820537398,129663.56838783836,38913.472005123345,51872.635596353095,65350438.46747053,13341344.171077877,26005570.22424252,757.7689619833693,1193.9084326984407,1086.426413892115,599.4882388536838,3855.6037443209666,2745.227240386723,214.0,212.8,1.6,357.0,357.0,0.0,20.0,18.02,2.6618790355686714,2
2026-05-16T16:11:49,3.7,6.459999999999999,2.207804339156892,1700.0,1700.0,0.0,90.4,90.72,0.26381811916545717,1509.89453125,1457.05546875,39.516539799489145,0.0,25932.71367756767,51865.42735513534,4344361.232394213,14201292.146206524,25619889.637694884,1333.3415161725231,1372.237224609553,1019.4337993770706,2738.942817557069,3192.3883342197796,2525.533208881359,214.0,213.4,1.3564659966250536,357.0,357.0,0.0,14.7,18.020000000000003,2.6618790355686714,2
2026-05-16T16:11:50,5.4,6.68,2.029187029329726,1700.0,1700.0,0.0,90.4,90.6,0.24494897427831783,1510.8984375,1476.575,37.1141932233889,12170.274500763446,28366.76857772036,50867.25616893809,4590221.8658712795,14968998.951130208,25260354.995606907,435.7845687122327,1331.4024185873884,1051.5322667993494,424.88995449442695,3142.6381990506534,2576.5935594132507,212.0,213.6,1.019803902718557,357.0,357.0,0.0,17.6,17.880000000000003,2.6618790355686714,2
2026-05-16T16:11:51,6.0,6.159999999999999,1.7895250766614026,1700.0,1700.0,0.0,90.3,90.48,0.21354156504062768,1518.92578125,1493.52890625,32.99812215375032,97353.73023972519,47837.5146256654,54765.62117291649,4535061.267000532,15813507.977017125,24823038.74298386,0.0,660.6735222463806,438.7217152238466,0.0,1697.3064622450297,1785.8445751732247,212.0,213.4,1.2,356.0,356.8,0.4,17.4,18.28,2.3961636004246456,2
2026-05-16T16:11:52,5.8,5.48,0.9579144011862437,1700.0,1700.0,0.0,90.3,90.36000000000001,0.04898979485566774,1525.62109375,1512.90546875,8.935411209694164,64869.864335886734,60811.48749284274,49308.05123623576,7585212.964962631,17281059.159539837,24064707.050898466,1413.4852031196024,788.0760499975455,535.6384424892777,908.6690591483158,934.3980140106991,948.884249623674,212.0,212.8,0.9797958971132712,356.0,356.6,0.48989794855663565,13.6,16.66,2.2712111306525427,2
2026-05-16T16:11:53,6.1,5.4,0.8831760866327845,1700.0,1700.0,0.0,90.2,90.32000000000001,0.07483314773548065,1530.78125,1519.22421875,8.135548516123738,0.0,34878.773815275075,39373.39039931379,6459873.63673106,5502946.193391943,1293346.9047735664,0.0,636.5222576008716,622.8716218304477,0.0,814.5003662399623,1018.9175096450206,210.0,212.0,1.2649110640673518,356.0,356.4,0.48989794855663565,15.4,15.74,1.5486768546084755,2
2026-05-16T16:11:54,6.1,5.88,0.26381811916545816,1700.0,1700.0,0.0,90.1,90.25999999999999,0.10198039027185826,1547.140625,1526.6734375,12.212813905334354,202827.48244809834,75444.27030489474,72819.99958666986,5312558.834021816,5696585.713717463,1172192.6459447825,778.4296933799087,525.5398930423487,531.5713501321327,647.7010425832827,396.2520112452051,357.95231273673375,210.0,211.2,0.9797958971132712,355.0,356.0,0.6324555320336759,14.9,15.780000000000001,1.523679756379273,2
2026-05-16T16:11:55,5.0,5.8,0.4147288270665543,1700.0,1700.0,0.0,90.2,90.22,0.07483314773547914,1543.69140625,1533.23203125,10.690640700350208,64889.98772778532,85988.21295029912,66431.44195659366,4312142.465722984,5640969.833687805,1228605.2668432018,833.7000986754646,605.1229990349951,541.8634222199443,1440.6575339344429,599.4055271332084,552.1331904368421,209.0,210.6,1.2,355.0,355.6,0.48989794855663565,12.5,14.76,1.664451861725054,2
2026-05-16T16:11:56,5.3,5.66,0.4409081537009719,1700.0,1700.0,0.0,90.1,90.17999999999999,0.07483314773548065,1551.0859375,1539.6640625,9.784549475947557,0.0,66517.46690235408,74074.1931133553,6404688.259260962,6014895.23213989,1114314.6383516788,1867.2600954827121,978.5750181315376,632.07024849007,4245.664068561753,1448.5383408455589,1473.4338796347356,209.0,210.0,1.0954451150103321,354.0,355.2,0.7483314773547882,16.4,14.559999999999999,1.3690872872099862,2
2026-05-16T16:11:57,4.9,5.4799999999999995,0.5230678732248806,1700.0,1700.0,0.0,89.9,90.1,0.10954451150103219,1582.26953125,1550.99375,17.05812969872018,0.0,53543.494035176736,78759.34151079571,26129322.988846082,9723717.236916581,8240825.061222694,2508.7412561116516,1197.6262287299473,884.29731172906,4210.92467248721,2108.989463513338,1789.602076721639,209.0,209.4,0.4898979485566356,354.0,354.8,0.7483314773547882,14.7,14.779999999999998,1.2828094168659656,2
2026-05-16T16:11:58,5.6,5.38,0.4354308211415446,1700.0,1700.0,0.0,89.9,90.03999999999999,0.11999999999999696,1588.4375,1562.525,18.88671262603313,0.0,53543.494035176736,78759.34151079571,134217.35297360638,8458585.98016509,9086903.058160162,761.6993056432556,1349.9660898585985,714.0861586311055,573.7475289260885,2223.7389692985557,1664.7325286752332,209.0,209.2,0.4,354.0,354.4,0.48989794855663565,14.9,14.680000000000001,1.2496399481450644,2
2026-05-16T16:11:59,4.5,5.0600000000000005,0.3720215047547653,1700.0,1700.0,0.0,89.9,90.0,0.12649110640673247,1586.51953125,1570.40078125,19.039214549813448,0.0,12977.997545557064,25955.995091114128,0.0,7396074.213360725,9683641.56346763,54.437960719624215,1205.1677433265418,871.3784120393434,65.32555286354906,2107.2638713546085,1786.8235865772303,209.0,209.0,0.0,354.0,354.2,0.4,10.9,13.879999999999999,1.941545775921855,2
2026-05-16T16:12:00,6.1,5.279999999999999,0.5528109984434099,1700.0,1700.0,0.0,89.9,89.93999999999998,0.07999999999999545,1584.8671875,1578.6359375,13.923043187169853,0.0,0.0,0.0,186665.39591389673,6570978.799398909,10078944.368443321,388.35786344178587,1116.099296279806,925.8537586896954,356.65518071184414,1890.4634007100892,1915.6694498817064,209.0,209.0,0.0,354.0,354.0,0.0,19.7,15.319999999999999,2.844222213540988,2
2026-05-16T16:12:01,9.4,6.1,1.7401149387324966,1700.0,1700.0,0.0,89.9,89.9,0.0,1590.55078125,1586.52890625,2.8538353527670663,129762.46317661503,25952.492635323004,51904.98527064601,290444.88828203286,5348130.125203123,10391017.824793821,1908.7374039040662,1124.3947579640767,932.7072919598545,2427.502134010773,1526.8310137998928,1576.6575441240655,209.0,209.0,0.0,353.0,353.8,0.4,20.3,16.1,3.493994848307593,2
2026-05-16T16:12:02,3.1,5.74,2.100095235935742,1700.0,1700.0,0.0,89.8,89.88000000000001,0.040000000000003415,1601.7421875,1590.4234375,5.969701229012377,64895.8478861544,38931.662212553885,51906.44720911513,370616.1312873349,196388.75369137418,127851.55837003388,300.0403123398557,682.6545692097176,653.787047234603,237.65569294245995,732.177217890943,863.6534049902808,209.0,209.0,0.0,352.0,353.4,0.8,10.4,15.24,4.1921832021036485,2
2026-05-16T16:12:03,6.4,5.9,2.113764414498456,1700.0,1700.0,0.0,89.8,89.86000000000001,0.04898979485566774,1603.31640625,1593.39921875,7.696687456479857,0.0,38931.662212553885,51906.44720911513,81064.51803466081,185758.18670358506,134610.1455154235,829.2488539190156,696.1644788648695,655.97511253337,3716.776486061841,1360.7830093180933,1458.5261492272612,209.0,209.0,0.0,352.0,353.0,0.8944271909999159,16.9,15.64,4.23584702273347,2
2026-05-16T16:12:04,4.7,5.9399999999999995,2.088635918488428,1700.0,1700.0,0.0,89.8,89.84,0.04898979485566774,1603.12890625,1596.72109375,7.594174611971295,0.0,38931.662212553885,51906.44720911514,137437.38393691694,213245.66349096847,104547.06646323847,4018.561654117217,1488.989217544388,1388.1766080753962,7048.578932880975,2757.433685321578,2512.21573646088,210.0,209.2,0.4,352.0,352.6,0.8,13.4,16.14,3.768607169764447,2
2026-05-16T16:12:05,4.4,5.6,2.1716353285024628,1700.0,1700.0,0.0,89.8,89.82000000000001,0.040000000000003415,1600.109375,1599.76953125,4.750956549450398,0.0,38931.662212553885,51906.44720911514,128730.77521522586,201658.73935123428,109923.07964302743,1173.9872924247807,1646.1151033409872,1296.1146238891884,3490.285997546186,3384.159848688447,2207.5120020829986,209.0,209.2,0.4,352.0,352.2,0.4,12.1,14.62,3.552689122340991,2
2026-05-16T16:12:06,9.7,5.66,2.2773669006113177,1700.0,1700.0,0.0,90.6,89.96,0.31999999999999884,1483.30078125,1578.31953125,47.523320203188305,0.0,12979.16957723088,25958.33915446176,376919.7971823604,218953.72113129977,127869.69411654676,319.6013275209551,1328.287888064365,1384.5694798118202,397.7700732613745,2978.2134365385673,2511.7688451264257,209.0,209.2,0.4,352.0,352.0,0.0,19.7,14.5,3.3639262774323693,2
2026-05-16T16:12:07,7.7,6.580000000000001,1.9650954175306599,1700.0,1700.0,0.0,90.6,90.12,0.3919183588453071,1473.47265625,1552.665625,60.738721846470966,5066917.071699442,1013383.4143398885,2026766.828679777,0.0,144830.4948738328,125873.96502543606,1739.8389205840408,1616.247609713202,1287.0618004630685,3481.6549308505632,3627.0132841201876,2106.3240034638325,209.0,209.2,0.4,358.0,353.2,2.4,18.2,16.06,2.873743203558731,2
2026-05-16T16:12:08,8.0,6.9,2.038626988931521,1700.0,1700.0,0.0,90.6,90.28,0.3919183588453071,1473.22265625,1526.646875,61.3298761493621,129704.20431326253,1039324.2552025409,2014422.8580332485,209249.36086475555,170467.46343985174,123303.44282553585,3096.3474677749514,2069.667332484389,1328.6099287811671,4377.833556227672,3759.2246981533535,2128.439728835234,210.0,209.4,0.4898979485566356,358.0,354.4,2.939387691339814,17.9,16.26,2.9587835338192616,2
2026-05-16T16:12:09,9.6,7.88,1.919791655362633,1700.0,1700.0,0.0,90.6,90.44000000000001,0.31999999999999884,1473.13671875,1500.6484375,49.88188147623719,0.0,1039324.2552025409,2014422.8580332485,328450.114141473,208670.00948076294,136080.16329638314,1678.998461564243,1601.7546939737942,903.9627888030676,5725.028362751189,3494.5145841273966,1751.8820702495125,210.0,209.4,0.4898979485566356,358.0,355.6,2.939387691339814,18.5,17.28,2.6611275805567836,2
2026-05-16T16:12:10,10.5,9.1,1.0714476188783097,1700.0,1700.0,0.0,90.6,90.6,0.0,1473.6015625,1475.346875,3.9804656065983663,4054.151026069232,1040135.0854077548,2014005.1265453792,103380.85116476541,203600.0246706709,139395.879543055,9526.661041483485,3272.289443785535,3248.1831085402687,9579.119538646979,4712.281292347556,2998.435416469114,207.0,209.0,1.0954451150103321,358.0,356.8,2.4,16.7,18.2,0.967470929795826,2
2026-05-16T16:12:11,9.8,9.12,1.0833282051160673,1700.0,1700.0,0.0,90.8,90.64,0.08000000000000114,1446.609375,1468.00859375,10.700915431142006,510690.0395245691,1142273.0933126686,1971159.7320448423,275610.497521196,183338.164738438,118531.94167395959,24354.19622081685,8079.208422444714,8636.544950841992,27297.044407096284,10092.136159114536,8850.936681346147,211.0,209.4,1.3564659966250536,357.0,357.8,0.4,18.2,17.9,0.6292853089020911,2
2026-05-16T16:12:12,3.9,8.360000000000001,2.3753736548172792,1700.0,1700.0,0.0,90.7,90.66,0.08000000000000183,1454.13671875,1464.14140625,11.492129450482214,32425.271366336583,135374.7332460475,193423.75213125852,301453.69473391044,243628.9036852201,80514.14254365794,5122.852473862442,8755.811133100395,8236.662213698397,4061.075246809245,10208.020222306273,8767.023311982137,211.0,209.8,1.469693845669907,357.0,357.6,0.48989794855663565,11.9,16.64,2.4475293665245363,2
2026-05-16T16:12:13,3.3,7.42,3.1390444405901614,1700.0,1700.0,0.0,90.7,90.67999999999999,0.07483314773548065,1453.79296875,1460.25546875,11.040504539128436,0.0,109433.892383395,200994.1625134553,208767.20367898338,243532.47224806566,80555.53912099737,1368.3761364022348,8410.216866825851,8498.94713455411,3263.9621262235128,9985.245936305442,8925.068214104886,213.0,210.4,1.9595917942265422,357.0,357.4,0.48989794855663565,9.2,14.900000000000002,3.7035118468826314,2
2026-05-16T16:12:14,3.3,6.16,3.2726747470532422,1700.0,1700.0,0.0,90.7,90.69999999999999,0.06324555320336848,1464.53125,1458.534375,9.455248147420399,0.0,109433.892383395,200994.1625134553,84951.56538038941,194832.76249584896,87777.63255392521,244.93103857813168,8123.403382228627,8741.988258315656,526.4042079118717,8945.521105337579,9635.344390111337,212.0,210.8,2.039607805437114,357.0,357.2,0.4,12.3,13.66,3.3073252032420397,2
2026-05-16T16:12:15,3.5,4.76,2.5295058806019806,1700.0,1700.0,0.0,90.7,90.72,0.039999999999997725,1463.44921875,1456.50390625,6.6862563643583,4058.8787129774287,109434.83792077661,200993.6667835382,93354.21039848086,192827.43434259205,89932.08729760275,237.8249245885212,6265.636158849637,9220.287564004473,196.20556278553,7068.93831016529,10224.877193717464,212.0,211.8,0.7483314773547883,357.0,357.0,0.0,13.2,12.959999999999999,2.939795911283639,2
2026-05-16T16:12:17,4.1,3.62,0.3249615361854383,1700.0,1700.0,0.0,90.7,90.7,0.0,1462.9453125,1459.77109375,4.769643925266133,0.0,7296.830015862803,12662.180524579853,244185.08925377805,186542.35268910843,84883.40655311516,1185.3837239287236,1631.8736594720108,1806.803752409786,1001.3425113654994,1809.7979310191317,1554.8133652696526,212.0,212.0,0.6324555320336759,357.0,357.0,0.0,13.4,12.000000000000002,1.5059880477613363,2
2026-05-16T16:12:18,3.1,3.46,0.34409301068170495,1700.0,1700.0,0.0,90.7,90.7,0.0,1463.4453125,1461.6328125,3.9540165434873784,0.0,811.7757425954858,1623.5514851909713,416545.7768281933,209560.769107965,120891.42620824192,81.06003592969662,623.5151718854617,539.7878497359633,130.48688710634093,1023.680259078551,1161.8221949193128,212.0,212.2,0.4,357.0,357.0,0.0,9.1,11.440000000000001,1.906410239166796,2
2026-05-16T16:12:19,2.7,3.34,0.46303347611160883,1700.0,1700.0,0.0,90.7,90.7,0.0,1465.69921875,1464.0140625,0.9891396346304575,0.0,811.7757425954858,1623.5514851909713,113356.0886294141,190478.54609805113,126891.87466359191,1205.831718469981,591.0062882990109,497.1609759460109,2212.009332734277,813.2897003807038,764.3423670223503,212.0,212.0,0.0,357.0,357.0,0.0,9.0,11.4,1.9544820285692064,2
2026-05-16T16:12:20,2.8,3.2399999999999998,0.5122499389946278,1700.0,1700.0,0.0,90.7,90.7,0.0,1463.71484375,1463.85078125,0.9571552853295932,0.0,811.7757425954858,1623.5514851909713,166183.95579407612,206725.0241807885,117168.49618083482,531.3975815871455,648.2995969008136,469.7270874479639,373.0668310211431,782.6222250025581,778.1884975781101,210.0,211.6,0.8,357.0,357.0,0.0,11.8,11.3,1.9183326093250876,2
2026-05-16T16:12:21,6.9,3.9200000000000004,1.5702229141112418,1700.0,1700.0,0.0,90.6,90.67999999999999,0.04000000000000341,1468.34765625,1464.83046875,1.9921056968499125,0.0,0.0,0.0,435637.59770542744,275181.7016421778,130198.86630930289,941.9823091391278,789.1310738109348,429.3740182698702,2702.1322180142383,1283.8075560482998,1011.1960363928622,210.0,211.2,0.9797958971132712,356.0,356.8,0.4,12.5,11.16,1.7962182495454166,2
2026-05-16T16:12:22,5.5,4.2,1.697056274847714,1700.0,1700.0,0.0,90.5,90.64000000000001,0.08000000000000185,1484.33984375,1469.109375,7.814846522605227,2026.146590723261,405.2293181446522,810.4586362893044,371797.89939771837,300704.26367096585,134071.33755411927,558.9711053508996,663.84855009537,384.5228556118667,1221.8217966519665,1327.903413105593,1002.6884491142172,210.0,210.8,0.9797958971132712,351.0,355.6,2.33238075793812,15.4,11.56,2.378739161825021,2
2026-05-16T16:12:23,3.4,4.26,1.6620469307453387,1700.0,1700.0,0.0,90.5,90.6,0.08944271909999287,1487.0546875,1473.83125,9.836983785693663,0.0,405.2293181446522,810.4586362893044,39056.408891445615,225206.39008361637,152588.54277229647,14861.130016755673,3619.8625462605655,5626.230603097416,11287.761843271392,3559.3584043386027,3947.022608312509,212.0,210.8,0.9797958971132712,351.0,354.4,2.8000000000000003,8.8,11.5,2.4429490375363954,2
2026-05-16T16:12:24,3.2,4.359999999999999,1.5781001235663092,1700.0,1700.0,0.0,90.4,90.54,0.10198039027185435,1500.46875,1480.78515625,13.307694491008412,0.0,405.2293181446522,810.4586362893044,174376.26831993478,237410.42602172046,145426.8447048803,0.0,3378.6962025665694,5749.04179817459,106.92585493818675,3138.341708779385,4174.029301534881,210.0,210.4,0.8,350.0,353.0,2.898275349237888,15.9,12.88,2.585652722234755,2
2026-05-16T16:12:25,11.1,6.0200000000000005,2.886797533600166,1700.0,1700.0,0.0,90.5,90.5,0.06324555320336399,1495.23828125,1487.08984375,10.992956785003438,186537.17887960956,37712.665094066564,74416.39447310576,98337.53451805504,223841.1417665162,154332.28276559315,525.7050462013453,3377.5576954894095,5749.606084003802,1567.2148552480785,3377.171313624772,4041.0171885289506,212.0,210.8,0.9797958971132712,350.0,351.6,2.244994432064365,32.3,16.98,8.066573002211037,2
2026-05-16T16:12:26,8.7,6.380000000000001,3.079870127131987,1700.0,1700.0,0.0,90.5,90.47999999999999,0.039999999999997725,1498.03515625,1493.02734375,6.268751655190459,0.0,37712.665094066564,74416.39447310576,70845.1676290822,150882.65575124722,119186.90654931286,696.7891068429542,3328.519055030174,5771.175260344385,620.685899428901,2960.882049907705,4193.450843698386,212.0,211.2,0.9797958971132712,350.0,350.4,0.48989794855663565,22.9,19.060000000000002,7.983633258109993,2
2026-05-16T16:12:27,7.2,6.720000000000001,3.0577115625905593,1700.0,1700.0,0.0,90.6,90.5,0.06324555320336399,1480.88671875,1492.33671875,7.2941557600556575,0.0,37307.43577592191,74614.87155184383,0.0,76523.07587170354,58894.63268555401,5417.924175771898,4300.309669114375,5630.375695332484,421.62449846083484,2800.842590269479,4271.313266373542,213.0,211.8,0.9797958971132713,351.0,350.4,0.48989794855663565,20.3,20.04,7.772155428193647,2
2026-05-16T16:12:28,6.1,7.26,2.6325652888390056,1700.0,1700.0,0.0,90.5,90.5,0.06324555320336399,1483.61328125,1491.6484375,7.897510918696947,0.0,37307.43577592191,74614.87155184383,24322.667259142512,73576.32754524291,61025.57446193018,5067.22234565469,2341.5281348941776,2382.3834912636275,6464.667258167273,1836.223673248655,2364.9080156421637,213.0,212.0,1.0954451150103321,351.0,350.4,0.48989794855663565,20.6,22.4,5.443528267585279,2
2026-05-16T16:12:29,11.0,8.819999999999999,1.9993999099729898,1700.0,1700.0,0.0,90.7,90.56,0.08000000000000042,1454.5390625,1482.4625,15.422411971401392,16058285.34185051,3248964.5041460237,6405067.876196024,290649.9937102894,96831.07262331384,102836.79918294352,7096.442466141753,3760.8166281225285,2662.0786109045657,7153.903538742092,3245.619210009436,2943.440807099667,214.0,212.8,0.7483314773547882,354.0,351.2,1.469693845669907,35.8,26.379999999999995,6.4228965428379725,2
2026-05-16T16:12:30,17.1,10.02,3.9025120115125853,1700.0,1700.0,0.0,91.3,90.72,0.2993325909419146,1363.73046875,1456.1609375,48.300036570533194,78433239.22947322,18898304.914264746,30410234.79352125,504867.6431472083,178137.0943491445,193036.40275555273,851.5606208268289,3825.987743047625,2584.9526050038344,1126.5128305711476,3157.47880507405,2998.4644716548164,216.0,213.6,1.3564659966250536,376.0,356.4,9.891410415102591,33.3,26.579999999999995,6.616766581949221,2
2026-05-16T16:12:31,15.0,11.280000000000001,4.272423200011909,1700.0,1700.0,0.0,91.4,90.9,0.37416573867739567,1343.109375,1425.17578125,59.81851504702905,43718820.10766869,27642068.935798485,30001856.277562514,0.0,163968.06082332804,202747.4898649027,270.0221418130636,3740.634350041647,2691.7087916203227,513.3387970731869,3136.0093846029067,3016.8791621337236,216.0,214.4,1.3564659966250536,384.0,363.2,13.99142594591416,29.7,27.939999999999998,6.416416445337692,2
2026-05-16T16:12:32,34.4,16.72,9.604040816239797,1700.0,1700.0,0.0,91.5,91.08,0.4019950248448357,1328.515625,1394.7015625,62.42973797668777,40254527.407681584,35692974.4173348,26726247.917685598,956406.0173628409,355249.2642958962,353174.9196127551,5918.070434398115,3840.6636017668907,2760.593363043045,5839.044289388627,4219.493342788465,2813.4187154680553,216.0,215.0,1.2649110640673518,389.0,370.8,15.535765188750762,50.0,33.879999999999995,9.567737454591864,2
2026-05-16T16:12:33,37.8,23.06,10.879264681034284,1700.0,1700.0,0.0,91.6,91.3,0.31622776601683616,1312.359375,1360.45078125,49.99344546881871,39673401.16976535,43627654.65128787,19992604.938263994,6498116.491827465,1650008.0292095607,2444052.6461215457,5702.7662306040575,3967.772378756764,2827.9524473569886,14272.17941290703,5780.995773736417,4967.914380250654,217.0,215.8,0.9797958971132713,392.0,379.0,13.62350909274112,55.2,40.8,9.964537119204286,2
2026-05-16T16:12:34,23.0,25.46,9.138402486211689,1700.0,1700.0,0.0,91.5,91.46,0.10198039027185435,1330.08203125,1335.559375,17.137495334438185,24920462.474517338,45400090.07782124,17735289.901210044,11679567.050536616,3927791.440574826,4531438.628806997,921.1732917928587,2732.7185438869847,2524.0037570661766,65.30336977264089,4363.275739942526,5369.087071410181,217.0,216.4,0.4898979485566356,382.0,384.6,5.571355310873647,47.7,43.17999999999999,9.907047996249943,2
2026-05-16T16:12:35,23.5,26.74,8.286277813349006,1700.0,1700.0,0.0,91.7,91.53999999999999,0.10198039027185435,1301.14453125,1323.0421875,14.668604326276558,19635113.3674927,33640464.90542514,9527892.741126342,835234.8053695724,3993864.873019299,4483198.656312298,12126.98820609099,4987.804060939817,4269.413747507454,29261.766252571688,9990.326424342635,10911.234380709484,217.0,216.6,0.4898979485566356,378.0,385.0,4.979959839195493,41.5,44.82000000000001,8.74651930770178,2
2026-05-16T16:12:36,17.4,27.22,7.63633419907746,1700.0,1700.0,0.0,91.8,91.62,0.11661903789690571,1285.79296875,1311.57890625,16.754808042150078,26954597.63208424,30287620.41030825,8256190.974099413,12687040.513271779,6531272.975673655,5058132.019848112,14703.172495326584,7874.434131642522,4931.6776149915195,14504.0146569268,12788.461596313358,9865.976518564552,215.0,216.4,0.8,375.0,383.2,6.43117407632541,35.8,46.04,6.74999259258853,2
2026-05-16T16:12:37,17.3,23.799999999999997,7.482512946864842,1700.0,1700.0,0.0,91.9,91.7,0.14142135623731153,1272.3828125,1300.35234375,20.114277307706786,23435543.771743137,26923823.683120556,6809691.976312732,16549370.915271169,9649865.955255318,5451211.4527705815,1180.3921746882118,6926.89847970054,5623.183088573687,9618.961503860926,13544.445039207814,9440.140236510832,216.0,216.4,0.8,373.0,380.0,6.723094525588644,31.8,42.4,8.350568842899268,2
2026-05-16T16:12:38,9.1,18.06,5.201768929892984,1700.0,1700.0,0.0,92.1,91.8,0.19999999999999857,1247.58203125,1287.396875,27.655874556067424,45078521.64378683,28004847.777924847,8866315.926568521,7829155.667099001,9916073.790309627,5321760.230037515,1502.9295756029846,6086.931148700326,6041.426215087074,4686.767229182991,11627.36260246301,10051.209598313226,216.0,216.2,0.7483314773547883,371.0,375.8,3.8678159211627428,31.8,37.720000000000006,6.1264671712170315,2
2026-05-16T16:12:39,12.9,16.04,4.839669410197353,1700.0,1700.0,0.0,89.7,91.44,0.8799999999999986,1621.8984375,1345.76015625,139.18487471476644,46927672.52051859,32406289.7871251,11355652.295538915,0.0,7580160.380202304,6473666.864589932,95.23613975604401,5921.743718292963,6189.88003066118,94.36241370323626,11633.174411249127,10044.528686944004,216.0,216.0,0.6324555320336759,371.0,373.6,2.65329983228432,39.7,36.120000000000005,3.979648225660153,3
2026-05-16T16:12:40,15.4,14.420000000000002,3.1224349472807273,1700.0,1700.0,0.0,89.8,91.05999999999999,1.0744300814850627,1599.44921875,1405.42109375,168.18596604230683,20387289.59272265,32556725.032171093,11189231.07280212,17462279.56949673,10905569.333027735,6425143.5550060505,14746.363242038991,6445.618725482564,6775.9825773039365,20277.97377530151,9836.415915795093,7103.328557740379,216.0,215.8,0.4,371.0,372.2,1.6,32.8,34.379999999999995,3.0373672810511416,3
2026-05-16T16:12:41,8.8,12.7,3.3663036107873574,1700.0,1700.0,0.0,89.9,90.67999999999999,1.081480466767661,1584.62890625,1465.18828125,168.1526473949421,14583262.256005784,30082457.956955403,13319504.532562137,854685.5740272498,8539098.34517883,7433142.654374739,8503.592024316515,5205.702631280549,5620.1565756333675,8822.637235590093,8700.140431527752,6709.277790038793,214.0,215.6,0.8,371.0,371.4,0.8,19.1,31.040000000000003,6.66051049094587,3
2026-05-16T16:12:42,6.4,10.52,3.2071170854834716,1700.0,1700.0,0.0,89.9,90.28,0.9130169768410629,1581.38671875,1526.9890625,140.4336209115332,8950303.500685558,27185409.902743883,15795366.73585474,1252384.9374228562,5479701.149609167,6608936.6503201565,6397.702991492088,6249.164794641324,5247.941955245694,8286.586271253185,8433.665385006203,6693.934455131192,214.0,215.2,0.9797958971132712,371.0,371.0,0.0,15.2,27.72,9.13266664233399,3
2026-05-16T16:12:43,3.0,9.3,4.4389187872724145,1700.0,1700.0,0.0,89.2,89.69999999999999,0.26076809620810637,1699.4140625,1617.35546875,43.450348748847624,2817158.708492765,18733137.31568507,15257206.236134285,1175505.0726084919,4148971.030711066,6671464.192102463,1759.5366540088721,6300.486210322502,5202.332486035881,504.7039896200927,7597.252737093624,7339.959739391407,214.0,214.8,0.9797958971132712,371.0,371.0,0.0,7.8,22.919999999999998,11.678938307911384,3
2026-05-16T16:12:44,4.2,7.5600000000000005,4.3916283995802745,1700.0,1700.0,0.0,89.2,89.6,0.3286335345031,1697.734375,1632.52265625,54.276286080689886,1132409.6554273835,9574084.742666828,7201726.03251578,1323174.005983251,4413605.831907717,6526303.435387997,2366.321419586371,6754.703266288567,4717.2507876743575,9261.155773640798,9430.611409081135,6309.425249400783,213.0,214.2,0.9797958971132713,371.0,371.0,0.0,11.9,17.36,8.57078759508133,3
2026-05-16T16:12:45,18.4,8.16,5.489480849770768,1700.0,1700.0,0.0,89.7,89.58,0.31874754901018565,1611.68359375,1634.96953125,52.99066790492233,5490469.75075483,6594720.774273264,4789399.821045762,996238.228980274,1120397.5638044246,171810.47218333677,1481.1292248018133,4101.6564628411315,2828.884665930732,7816.795708151375,6938.375795651108,3253.5265155553675,213.0,213.6,0.4898979485566356,371.0,371.0,0.0,40.0,18.8,11.234767465328332,3
2026-05-16T16:12:46,9.5,8.3,5.512893976850997,1700.0,1700.0,0.0,89.7,89.53999999999999,0.28705400188814717,1612.4921875,1640.5421875,48.69462884818108,3836648.2530752886,4445397.9736871645,2660224.7931479644,971829.2854461706,1143826.3060882087,138794.33256246164,1663.5625375095851,2733.650565479746,1855.9637329953127,2929.2951285118215,5759.707374235454,3420.618783801725,212.0,213.2,0.7483314773547882,371.0,371.0,0.0,42.2,23.42,14.641366056485305,3
2026-05-16T16:12:47,11.2,9.26,5.5163756217284545,1700.0,1700.0,0.0,89.7,89.5,0.2449489742783178,1610.6796875,1646.40078125,42.60661500962175,16500807.856684294,5955498.844886912,5459316.627276506,994012.3554498173,1092151.789693601,136841.00182536192,554.411531755858,1564.9922735325001,586.1737728392677,666.2838586994508,4235.6468917247075,3645.468658407396,214.0,213.2,0.7483314773547883,371.0,371.0,0.0,33.8,27.139999999999997,14.441828139124215,3
2026-05-16T16:12:48,10.6,10.78,4.543302763409016,1700.0,1700.0,0.0,89.8,89.62,0.2135415650406253,1594.24609375,1625.3671875,36.8083178698008,25579188.454797547,10507904.794147868,9172117.592403272,1180250.3413558626,1093100.8434430752,137430.9866224098,935.7352849324881,1400.231999717223,622.9583553355236,3451.823495528734,4825.070792906436,3206.3858220242632,214.0,213.2,0.7483314773547883,371.0,371.0,0.0,37.1,33.0,10.920622692868756,3
2026-05-16T16:12:49,12.8,12.5,3.136877428271624,1700.0,1700.0,0.0,89.9,89.76000000000002,0.08000000000000042,1590.35546875,1603.89140625,9.560607132407146,5305312.709295055,11342485.404921403,8441837.91564579,1120719.456440431,1052609.9335345111,82544.45972515327,1053.4044399474158,1137.6486037894322,395.6250629976871,3978.2090680455462,3768.4814517873856,2317.7993806322625,214.0,213.4,0.8,371.0,371.0,0.0,40.0,38.62,2.9040661149498663,3
2026-05-16T16:12:50,10.9,10.999999999999998,1.0677078252031313,1700.0,1700.0,0.0,89.1,89.64000000000001,0.2800000000000032,1712.2734375,1624.009375,44.98735205013096,4140365.61386773,11072464.577543985,8643876.711316083,1226475.1616785259,1098657.3200741613,100516.14656775047,1437.8685155623575,1128.996461941541,388.426238295183,3556.624596226065,2916.4472294023235,1173.643325093984,214.0,213.6,0.8,371.0,371.0,0.0,41.5,38.92,3.101870403482391,3
2026-05-16T16:12:51,12.1,11.52,0.8133879763065105,1700.0,1700.0,0.0,88.5,89.4,0.5291502622129197,1807.60546875,1663.03203125,84.9474552305511,7366450.994661773,11778425.12586128,8154368.403724719,434571.98524613597,991205.8600341545,289037.15292209527,1818.2348778099456,1159.930930001613,433.33098462272494,1104.988225524325,2551.5858488048243,1378.6074707218072,213.0,213.8,0.4,371.0,371.0,0.0,32.8,37.04,3.380295845040787,3
2026-05-16T16:12:52,10.7,11.419999999999998,0.8749857141690945,1700.0,1700.0,0.0,87.7,88.99999999999999,0.8246211251235318,1933.875,1727.67109375,130.99958364173008,7489210.1322114235,9976105.580966705,7903458.840459037,1342763.7008013048,1060956.129104452,321549.9705047418,486.35959055361997,1146.3205417611655,452.7686176192173,225.38615171997023,2463.4063074089277,1504.7096777031988,212.0,213.4,0.8,371.0,371.0,0.0,38.5,37.98,2.9781873681821973,3
2026-05-16T16:12:53,10.4,11.379999999999999,0.9152048950918042,1700.0,1700.0,0.0,85.7,88.17999999999999,1.434433686163288,2240.2421875,1856.8703125,222.3821753048354,8820198.710878491,6624307.632182894,1675140.9666936977,1046876.2983282136,1034281.3204989221,316032.0626598815,207.73239319602388,1000.7199634138726,592.5539681180263,241.3652568563325,1821.3146596744475,1626.0286309279209,210.0,212.6,1.4966629547095764,371.0,371.0,0.0,40.9,38.74,3.13725995097633,3
2026-05-16T16:12:54,4.4,9.7,2.7121946832777324,1700.0,1700.0,0.0,85.7,87.34,1.4108153670838692,2239.59375,1986.71796875,218.36398877616767,9264992.29425953,7416243.54917579,1796003.434645017,1285791.2534356238,1067295.6798979607,331577.224348547,310.6980564011293,852.1786867046152,650.9428622114084,225.60241038043782,1070.7933281414262,1288.218792848527,210.0,211.8,1.6,371.0,371.0,0.0,15.2,33.779999999999994,9.785172456323904,3
2026-05-16T16:12:55,4.1,8.34,3.3897492532634326,1700.0,1700.0,0.0,85.7,86.66,1.2026637102698319,2238.24609375,2091.9125,184.94934867667885,802662.9540629379,6748703.01721483,3062945.0507067526,40538.53303348171,830108.3541689521,509376.14241705416,1109.4652229134033,786.4980281748245,603.3617639330938,2051.669408652529,769.8022906267189,724.8891032221717,210.0,211.0,1.2649110640673518,371.0,371.0,0.0,10.4,27.559999999999995,12.428451230945875,3
2026-05-16T16:12:56,3.9,6.7,3.148968084944654,1700.0,1700.0,0.0,85.8,86.12,0.790948797331408,2235.37109375,2177.465625,121.8068158978385,2093053.0039656945,5694023.419075616,3539488.130417063,774059.5633459955,898005.8697889239,473489.6740148919,5211.722256483966,1465.1955039096285,1899.221120194146,8008.666666546124,2150.537978831079,3012.7719362224298,212.0,210.8,0.9797958971132712,371.0,371.0,0.0,13.6,23.720000000000002,13.160759856482452,3
2026-05-16T16:12:57,6.2,5.799999999999999,2.4404917537250563,1700.0,1700.0,0.0,85.7,85.72,0.039999999999997725,2243.3515625,2239.3609375,2.6045199499949843,4733202.845890449,5142821.9618114205,3429905.151260076,1455746.259734137,920602.3815754903,496321.29907922377,1682.984854813197,1704.5205567615437,1835.1094991000493,3551.0980436558457,2815.680357218254,2878.4461335438336,212.0,210.8,0.9797958971132712,370.0,370.8,0.4,10.8,18.18,11.498243344093915,3
2026-05-16T16:12:58,7.6,5.24,1.4347125147568762,1700.0,1700.0,0.0,85.7,85.72,0.039999999999997725,2240.19140625,2239.35078125,2.6011605826924886,7150066.6134948665,4808795.542334695,3123117.3473243853,2103318.4404094103,1131890.8099917297,691568.1215118271,633.3770297547009,1789.6494840732794,1772.505195815728,409.7157661225721,2849.350459071502,2848.9703303975625,211.0,211.0,0.8944271909999159,370.0,370.6,0.48989794855663565,31.8,16.36,7.922019944433365,3
2026-05-16T16:12:59,8.3,6.02,1.783704011320264,1700.0,1700.0,0.0,85.8,85.74,0.04898979485566078,2225.49609375,2236.53125,6.098765964444159,6469562.236111645,4249709.530705119,2453849.2416237216,1507554.449160503,1176243.4491367056,706956.0628161645,1955.703513354224,2118.650575463898,1612.943977360318,975.8722996797899,2999.404436931372,2723.837195089961,211.0,211.2,0.7483314773547883,370.0,370.4,0.48989794855663565,19.1,17.139999999999997,7.961306425455561,3
2026-05-16T16:13:00,9.7,7.140000000000001,1.9744366285095096,1700.0,1700.0,0.0,86.0,85.8,0.10954451150103219,2200.69140625,2229.0203125,15.3977760195314,14453421.491675211,6979861.238227573,4124847.7900051353,2712772.6397841745,1710690.270486844,654501.8940777887,569.239692768146,2010.6054694348466,1693.032288731909,888.0139207183079,2766.6733393445274,2842.0202228691337,211.0,211.4,0.4898979485566356,370.0,370.2,0.4,49.2,24.900000000000002,14.129685063723112,3
2026-05-16T16:13:01,4.2,7.2,1.8772320048411704,1700.0,1700.0,0.0,86.0,85.84,0.13564659966250436,2205.21875,2222.98984375,17.49175074125345,12143304.791450983,8989911.595724631,3678330.8405866832,2119584.4323665174,1979795.2442909486,462535.0940602541,1396.4205547983245,1247.5451290977185,556.8771253169516,2142.101219329441,1593.360249901191,1132.578738751911,211.0,211.2,0.4,370.0,370.0,0.0,11.8,24.54,14.432685127861689,3
2026-05-16T16:13:02,8.4,7.640000000000001,1.8488915598271305,1700.0,1700.0,0.0,86.0,85.9,0.12649110640673472,2198.7421875,2214.06796875,16.156464313435908,11166659.322242925,10276602.890995126,3032865.895532443,1521573.947786552,1992960.781901431,448144.24634015333,1777.5489135632267,1266.4579408477243,572.7247939598028,3967.053452776761,1676.5513317253742,1279.1208988341405,211.0,211.0,0.0,369.0,369.8,0.4,22.7,26.919999999999998,12.866918823090478,3
2026-05-16T16:13:03,5.8,7.279999999999999,1.9913814300630603,1700.0,1700.0,0.0,86.0,85.96000000000001,0.08000000000000114,2197.83203125,2205.59609375,10.270978971510122,15789375.454294939,12004464.65915514,3214942.565341403,2363111.6105263163,2044919.4159248124,472334.76529499015,81.14646095054789,1156.0118270868938,718.7834990096535,130.62601031063807,1620.7333805629873,1337.922710766698,211.0,211.0,0.0,369.0,369.6,0.48989794855663565,21.2,24.800000000000004,12.761034440828062,3
2026-05-16T16:13:04,9.7,7.56,2.2023623680039575,1700.0,1700.0,0.0,86.1,86.02000000000001,0.039999999999997725,2182.18359375,2196.93359375,7.802636351465005,11257568.610182699,12962065.933969352,1844829.876164665,1684706.1694049588,2080349.7599737041,435939.5787484817,914.9467845615443,947.8604813283579,597.5314619633041,548.5719898778091,1535.2733186025912,1389.053852304748,209.0,210.6,0.8,369.0,369.4,0.48989794855663565,46.9,30.360000000000003,14.937014427254196,3
2026-05-16T16:13:05,6.2,6.860000000000001,1.9530488985173922,1700.0,1700.0,0.0,86.2,86.06,0.08000000000000042,2172.640625,2191.3234375,12.025502736453605,13061238.705604758,12683629.376755262,1697942.6148793243,2496539.61450703,2037103.154918275,377920.7677441449,3529.400240393929,1539.8925908535143,1144.8757987434578,8838.837215430043,3125.437977544939,3159.978977055355,211.0,210.6,0.8,369.0,369.2,0.4,15.4,23.6,12.29585295943311,3
2026-05-16T16:13:06,3.7,6.76,2.0943734146517423,1700.0,1700.0,0.0,86.2,86.1,0.08944271909999287,2162.79296875,2182.83828125,14.028414985377113,5242352.10240025,11303438.838945117,3463266.4589996818,665928.6142442358,1746371.9912938185,657999.0799100916,1420.3206541924942,1544.6726107323484,1144.316560458616,4374.706304661144,3571.958994611279,3147.1940123490067,211.0,210.6,0.8,369.0,369.0,0.0,10.6,23.36,12.533251772784267,3
2026-05-16T16:13:07,6.8,6.4399999999999995,1.935561933909633,1700.0,1700.0,0.0,86.2,86.14,0.08000000000000185,2159.14453125,2174.91875,13.991760532290735,7223441.2549242675,10514795.225481384,3833769.704463271,1021419.9388542034,1646341.189507349,719694.9989063606,1385.0869401917557,1466.1802160580542,1139.0990199637936,4019.623286046125,3582.472961265152,3148.583863463255,211.0,210.6,0.8,369.0,369.0,0.0,23.6,23.54,12.528942493283301,3
2026-05-16T16:13:08,5.5,6.38,1.9589793260777408,1700.0,1700.0,0.0,86.2,86.17999999999999,0.040000000000003415,2160.00390625,2167.353125,8.832751691370376,4505495.169240828,8258019.16847056,3356016.997947337,438484.8471414622,1261415.836830378,747545.8419297735,610.8768756464103,1572.1262989972267,1024.19093193542,1586.1017095389777,3873.5681011108195,2871.044082768563,211.0,210.6,0.8,369.0,369.0,0.0,15.7,22.44,12.921393113747449,3
2026-05-16T16:13:09,7.4,5.92,1.2765578717786359,1700.0,1700.0,0.0,86.2,86.2,0.0,2167.1796875,2164.35234375,5.00302606183404,1767430.8375745462,6359991.61394893,3779739.3426486007,332216.22620312386,990917.8481900111,788988.6349471444,3088.0188232605065,2006.7407067370193,1110.534298357511,6648.834891081718,5093.620681351602,2466.5091019107012,212.0,211.2,0.4,369.0,369.0,0.0,18.8,16.82,4.285977134796686,3
2026-05-16T16:13:10,4.7,5.619999999999999,1.349666625504239,1700.0,1700.0,0.0,86.2,86.2,0.0,2163.796875,2162.58359375,2.8678181782525236,332648.9641864578,3814273.66566527,2467828.801395289,338226.91937860876,559255.3091643269,260753.1927832906,1700.5236265843773,1640.9653839751088,809.0427739217599,6737.71824790537,4673.396887846667,1908.4970781804598,210.0,211.0,0.6324555320336759,369.0,369.0,0.0,10.4,15.820000000000002,5.020916251044226,3
2026-05-16T16:13:11,9.5,6.780000000000001,1.6581917862539304,1700.0,1700.0,0.0,86.6,86.28,0.1599999999999966,2098.15625,2149.65625,25.908993064780795,11085223.730875172,4982847.991360255,3858765.917257007,905609.161885066,607191.4186924929,295653.03381759714,24184.708858137437,6193.843024764098,9031.068184021748,24140.16797663559,8626.489222241555,7986.777460586755,214.0,211.6,1.3564659966250536,371.0,369.4,0.8,22.4,18.18,4.780125521364476,3
2026-05-16T16:13:12,7.9,7.0,1.7181385275931624,1700.0,1700.0,0.0,86.7,86.38000000000001,0.2227105745131992,2094.67578125,2136.7625,33.03924976670149,1616736.200703301,3861506.980516061,3859372.853777865,145318.91312303394,431971.213546259,255062.31593708773,333.2730409030817,5983.480244906363,9152.069117760455,487.5478016772086,7920.0741253677725,8502.55389012651,214.0,212.2,1.6,372.0,370.0,1.2649110640673518,21.4,17.74,4.342165358435811,3
2026-05-16T16:13:13,5.7,7.040000000000001,1.684755175092215,1700.0,1700.0,0.0,86.7,86.47999999999999,0.23151673805580364,2090.828125,2122.92734375,34.8445296297308,300435.8889616683,3020495.124460229,4079308.665549654,291808.5070151339,402635.94552099326,260992.06585063104,1133.9297962816345,6088.090829033407,9092.858751791307,1101.2202829273567,7823.09784004545,8576.68528550555,216.0,213.2,2.039607805437114,372.0,370.6,1.3564659966250536,15.4,17.68,4.371910337598427,3
2026-05-16T16:13:14,10.7,7.7,2.2485550916088313,1700.0,1700.0,0.0,86.7,86.58,0.19390719429665296,2087.80078125,2107.0515625,28.587093380737127,4312873.192590166,3529583.595463353,4049889.1725951205,307484.3927174978,397689.57882386807,262509.74861878844,1166.5394601901883,5703.794956419344,9250.764515951514,2907.952727180283,7074.921407265161,8806.572211336386,214.0,213.6,1.9595917942265422,373.0,371.4,1.3564659966250536,52.3,24.38,14.617852099402292,3
2026-05-16T16:13:15,11.3,9.02,2.0262280227062304,1700.0,1700.0,0.0,86.7,86.67999999999999,0.040000000000003415,2086.54296875,2091.60078125,4.313890598938431,454175.230788538,3553888.8487837687,4030950.3444640795,275242.35526582156,385092.66600131063,266541.157881845,1611.758151950814,5686.041861492631,9258.512068954571,796.968865061674,5886.771530696422,9165.359262712363,214.0,214.4,0.8,373.0,372.2,0.7483314773547882,77.3,37.760000000000005,23.572746976116296,3
2026-05-16T16:13:16,6.8,8.48,2.180275211985863,1700.0,1700.0,0.0,86.7,86.7,0.0,2087.5546875,2089.48046875,2.9653444694108684,235119.58222702437,1383868.0190541395,1548617.1721124568,298459.98692180467,263662.8310086584,60104.44025302719,1181.6944250869944,1085.4389748825427,414.9600531521494,1192.58105714391,1297.2541467980866,842.5728902330236,214.0,214.4,0.8,372.0,372.4,0.48989794855663565,20.9,37.459999999999994,23.77499526813833,3
2026-05-16T16:13:17,7.3,8.36,2.224949437627741,1700.0,1700.0,0.0,86.7,86.7,0.0,2083.9375,2087.3328125,2.219794263499576,1049782.599861418,1270477.298885763,1548171.4329491414,101330.36678199015,254865.1217404496,77488.40724933252,334.46937472961594,1085.6782416478495,414.52640215839085,423.5292674090995,1284.4504399444647,855.1720881514407,214.0,214.4,0.8,371.0,372.2,0.7483314773547882,19.4,37.06,24.05698235440181,3
2026-05-16T16:13:18,10.8,9.38,1.9197916553626335,1700.0,1700.0,0.0,86.7,86.7,0.0,2082.73828125,2085.71484375,2.021921186199681,0.0,1210390.1210934292,1589921.6216115993,271788.23430862365,250861.06719914754,75978.52597910118,1107.22964507434,1080.3382114063904,414.04211410968225,2586.837059869567,1581.5737953329067,987.7067052014443,214.0,214.0,0.0,371.0,372.0,0.8944271909999159,21.2,38.22,23.1056183643719,3
2026-05-16T16:13:19,7.0,8.64,1.9805049861083415,1700.0,1700.0,0.0,86.8,86.72,0.039999999999997725,2077.10546875,2083.57578125,3.6696890102078985,1391600.0716564367,626135.4969066834,517672.1592246454,619839.3332268845,313332.0553010249,168694.58799009444,5253.94859659226,1897.8200386868048,1727.8521154110908,7551.562035952919,2510.295657087434,2624.7544539361443,211.0,213.4,1.2,371.0,371.6,0.8,15.6,30.879999999999995,23.295441614187098,3
2026-05-16T16:13:20,10.1,8.4,1.6958773540560061,1700.0,1700.0,0.0,86.7,86.72,0.039999999999997725,2082.17578125,2082.70234375,3.3667319514928904,6705837.374114972,1876467.92557197,2468054.739827621,361013.443653275,330486.2729785156,168309.63948124376,6326.160915174659,2840.7005913315743,2449.9231619054767,6063.106545401882,3563.523193155476,2778.0286181204383,213.0,213.2,1.1661903789690602,371.0,371.2,0.4,20.9,19.6,2.09666401695646,3
2026-05-16T16:13:21,8.4,8.72,1.503861695768597,1700.0,1700.0,0.0,86.8,86.74,0.04898979485566078,2070.87109375,2079.365625,4.846425420396846,2510572.8748664544,2331558.584099856,2329334.589922614,3477814.775597042,966357.230713563,1266856.9232279933,0.0,2604.3617063141746,2647.5881682505806,0.0,3325.0069817266935,3012.6432259977605,213.0,213.0,1.0954451150103321,370.0,370.8,0.4,14.9,18.4,2.652545946821656,3
2026-05-16T16:13:22,7.5,8.76,1.467787450552702,1700.0,1700.0,0.0,86.7,86.74,0.04898979485566078,2082.17578125,2079.01328125,4.556608460693381,13692293.909184476,4860060.845964467,4951479.317752072,38541572.105367124,8654405.57843059,14990948.58063721,851.3650301911342,2707.740837406479,2565.765596039021,467.26080726769226,3333.753289698412,3004.2587710511452,212.0,212.6,1.019803902718557,370.0,370.6,0.48989794855663565,14.1,17.339999999999996,3.0676375274794117,3
2026-05-16T16:13:23,18.0,10.2,4.040297018784634,1700.0,1700.0,0.0,87.0,86.8,0.10954451150103219,2038.07421875,2070.08046875,16.53462379915816,18215492.41951133,8503159.329866733,6495725.755337785,21987461.45027795,12997540.221624454,15078665.122853676,151.2574386771413,2516.546396127039,2709.5003298912825,196.7335313513145,2855.7325839947616,3263.995831849666,212.0,212.2,0.7483314773547883,371.0,370.6,0.48989794855663565,44.8,22.06,11.617331879566839,3
2026-05-16T16:13:24,15.4,11.879999999999999,4.106287861317081,1700.0,1700.0,0.0,87.2,86.88,0.19390719429665326,2015.6171875,2057.7828125,26.562023846835235,23273893.655013528,12879618.046538154,7520713.109408976,28105252.544003677,18494622.863779813,14565552.608092297,749.7889794641098,1615.7144727014088,2378.130794523837,940.9505026299926,1533.6102773301761,2286.6518388245067,209.0,211.8,1.469693845669907,371.0,370.6,0.48989794855663565,27.7,24.479999999999997,11.274821506347672,3
2026-05-16T16:13:25,14.5,12.76,4.101999512432931,1700.0,1700.0,0.0,87.5,87.03999999999999,0.28705400188814656,1962.921875,2033.93203125,42.630944774806224,19499462.82073018,15438343.135861194,7152300.818614044,33274814.61443664,25077383.09793649,12113952.533983545,5091.3086533918795,1368.744020344853,1890.185577083236,3054.191568795323,931.8272820088645,1107.1585536124758,211.0,211.4,1.3564659966250536,372.0,370.8,0.7483314773547882,29.7,26.24,11.265451611009652,3
2026-05-16T16:13:26,10.3,13.14,3.7537181567080924,1700.0,1700.0,0.0,87.8,87.24,0.3826225293941781,1919.046875,2003.5671875,57.11562548088102,25796072.97165819,20095443.15521954,4183048.0628005527,30339224.103374302,30449664.96349194,5487764.332007145,2044.0377231842176,1777.5515649816966,1766.9720387245584,3788.9962833831473,1689.6265386854939,1452.777640659862,211.0,211.0,1.0954451150103321,373.0,371.4,1.019803902718557,19.4,27.139999999999997,10.475609767455067,3
2026-05-16T16:13:27,6.1,12.86,4.190751722543343,1700.0,1700.0,0.0,87.8,87.46000000000001,0.31999999999999834,1918.2734375,1970.78671875,49.05892475528312,11830825.00898708,19723149.375180062,4777029.098116366,39947345.041270286,30730819.550672572,5914550.075464449,176.21611143612805,1642.5217812306953,1856.1378964520682,178.19606774439916,1631.8135907808353,1505.08117843681,211.0,210.8,0.9797958971132713,373.0,372.0,0.8944271909999159,23.4,29.0,8.664179130188849,3
2026-05-16T16:13:28,10.1,11.280000000000001,3.3623801093868018,1700.0,1700.0,0.0,87.9,87.64000000000001,0.257681974534502,1903.234375,1943.81875,41.068833166005426,7774474.5862749005,17634945.80853278,6823413.574707334,37523506.911126584,33838028.6428423,4389306.596005957,9999.634811543945,3612.1972558040557,3617.8889131538685,14310.6412683022,4454.595138171013,5102.530449616168,214.0,211.2,1.6,374.0,372.6,1.019803902718557,35.9,27.22,5.611915893881519,3
2026-05-16T16:13:29,38.9,15.98,11.76408092457715,1700.0,1700.0,0.0,88.9,87.97999999999999,0.47916594202844,1745.36328125,1889.76796875,74.9070997552969,42788105.05500324,21537788.08853072,12308677.118259108,41838168.27398392,36584611.78883834,4236719.9434871,275.4876699545033,3517.3369939021345,3697.0490479031723,517.4033657926873,4369.885710803552,5163.312637028551,214.0,212.2,1.469693845669907,372.0,372.8,0.7483314773547883,67.6,35.2,17.142811904702214,3
2026-05-16T16:13:30,11.5,15.38,11.899983193265442,1700.0,1700.0,0.0,88.9,88.25999999999999,0.5238320341483548,1750.1484375,1847.21328125,81.41619044695307,15806828.083694793,20799261.14112364,12517824.766525688,25756634.744055077,35080975.81476203,6078399.513551251,1643.384237748179,2827.7521107733946,3660.533674349424,721.9434361742301,3903.4360842793335,5362.602771635872,213.0,212.6,1.3564659966250536,372.0,372.8,0.7483314773547883,38.8,37.019999999999996,16.944190744913136,3
2026-05-16T16:13:31,6.0,14.52,12.381663862340957,1700.0,1700.0,0.0,88.8,88.46000000000001,0.5003998401278732,1750.5234375,1813.50859375,79.56357361314127,6439290.241598878,16927904.595111776,13340039.824984802,5861165.29099425,30185364.05228602,13388149.59835507,2727.5450237508503,2964.4535708867215,3641.426387508614,1724.8437564175968,3490.6055788862227,5434.492899321092,213.0,213.0,1.0954451150103321,372.0,372.6,0.8,24.2,37.98,16.030021834046263,3
2026-05-16T16:13:32,10.4,15.38,11.907207901099232,1700.0,1700.0,0.0,89.0,88.70000000000002,0.4049691346263305,1724.484375,1774.75078125,64.94707094185065,13559100.499909423,17273559.693296246,13225388.812061151,28739006.54471361,27943696.35297469,12473035.357758088,799.0829260892007,3089.0269338173357,3553.5024965104017,1207.0409998794742,3696.374565313238,5323.522732213555,213.0,213.4,0.4898979485566356,372.0,372.4,0.8,35.4,40.38,14.491983991158698,3
2026-05-16T16:13:33,8.7,15.1,12.043753567721318,1700.0,1700.0,0.0,89.0,88.92,0.07483314773547912,1719.4609375,1737.99609375,13.304193417866413,24235430.223660823,20565750.820773434,12478757.610138021,30022595.23853403,26443514.01845618,11654864.823254809,332.18114589438824,1155.5362006874243,926.1387959397341,892.7368295911684,1012.7936775710314,421.70283557990984,213.0,213.2,0.4,372.0,372.0,0.0,33.8,39.96,14.64535421217254,3
2026-05-16T16:13:34,12.2,9.76,2.2204504047602596,1700.0,1700.0,0.0,89.0,88.94,0.08000000000000042,1721.921875,1733.3078125,13.994377184192139,21066609.164853357,16221451.642743457,6174951.207758183,7062530.481967322,19488386.460052855,10732544.122134496,759.303019133528,1252.2992705232293,851.3947622604227,466.6549805091474,1002.6440005143234,433.93714830226565,213.0,213.0,0.0,372.0,372.0,0.0,35.4,33.519999999999996,4.937367719747031,3
2026-05-16T16:13:35,11.6,9.78,2.2364257197590978,1700.0,1700.0,0.0,89.1,88.97999999999999,0.09797958971132678,1706.9296875,1724.6640625,14.267723866683765,20119229.9418125,17083932.014366996,6355336.54666324,7274292.151386849,15791917.94151921,11113156.908424875,726.7947776837707,1068.9813785103477,846.1141150893645,924.5620641283342,1043.167726105144,414.8735623472893,213.0,213.0,0.0,372.0,372.0,0.0,37.9,33.339999999999996,4.754618807012819,3
2026-05-16T16:13:37,9.8,10.540000000000001,1.251559027772961,1700.0,1700.0,0.0,89.2,89.06,0.08000000000000042,1689.8203125,1712.5234375,12.854924997046366,25525386.048786547,20901151.175804533,4172420.166263124,6963631.41224678,16012411.165769717,10923250.348533446,1375.9991934040215,798.6722124409819,333.95713072498813,941.0569196268883,886.4103587470024,238.10939043451006,212.0,212.8,0.4,372.0,372.0,0.0,32.8,35.06,1.7315888657530696,3
2026-05-16T16:13:38,7.5,9.959999999999999,1.7533967035442948,1700.0,1700.0,0.0,89.3,89.12,0.11661903789690571,1687.046875,1705.0359375,14.504643484663367,30102402.22849538,24209811.521521725,3551523.521246105,7465975.044273654,11757804.865681726,9134045.73537263,688.3518601335796,776.5259992498576,336.8545571798989,581.5386404576793,761.3098868626436,197.67272210231127,213.0,212.8,0.4,372.0,372.0,0.0,34.8,34.94,1.7246448909848084,3
2026-05-16T16:13:39,10.9,10.399999999999999,1.6552945357246847,1700.0,1700.0,0.0,89.3,89.18,0.11661903789690571,1675.609375,1696.265625,16.279886129295026,11392607.490929069,21641246.97497537,6234725.981226258,8696987.635420544,7492683.34505903,626687.2112666612,2819.1638158430087,1273.9225332395818,813.0516963160851,9235.089337703574,2429.7803884851246,3407.7578726081424,213.0,212.8,0.4,372.0,372.0,0.0,45.5,37.279999999999994,4.420588196156707,3
